Date,Open,High,Low,Close,Adj Close,Volume
2003-12-18,4.550000,4.600000,4.300000,4.525000,3.749195,1582598780
2003-12-19,4.525000,4.650000,4.475000,4.575000,3.790622,555153882
2003-12-22,4.625000,5.050000,4.625000,5.050000,4.184184,536771324
2003-12-23,5.100000,5.450000,5.100000,5.300000,4.391322,475349038
2003-12-24,5.350000,5.800000,5.300000,5.800000,4.805597,281970166
2003-12-25,null,null,null,null,null,null
2003-12-26,null,null,null,null,null,null
2003-12-29,6.000000,6.450000,5.850000,6.400000,5.302729,567918066
2003-12-30,6.750000,7.050000,6.250000,6.400000,5.302729,722098487
2003-12-31,6.250000,6.500000,6.050000,6.350000,5.261301,369480770
2004-01-01,null,null,null,null,null,null
2004-01-02,6.500000,6.800000,6.400000,6.500000,5.385583,337685657
2004-01-05,6.550000,6.650000,6.300000,6.450000,5.344156,305481000
2004-01-06,6.200000,6.300000,5.900000,6.050000,5.012735,497355943
2004-01-07,5.850000,6.350000,5.850000,6.200000,5.137018,332864020
2004-01-08,6.100000,6.200000,5.900000,6.100000,5.054163,267554260
2004-01-09,6.100000,6.150000,5.950000,6.100000,5.054163,134783494
2004-01-12,6.000000,6.050000,5.900000,5.950000,4.929881,160686626
2004-01-13,5.900000,5.950000,5.500000,5.800000,4.805597,382797600
2004-01-14,5.650000,5.750000,5.600000,5.650000,4.681314,183281300
2004-01-15,5.700000,5.950000,5.700000,5.700000,4.722741,241813000
2004-01-16,5.750000,5.950000,5.600000,5.900000,4.888453,223562180
2004-01-19,5.900000,5.950000,5.750000,5.900000,4.888453,111300976
2004-01-20,6.000000,6.100000,5.900000,6.050000,5.012735,153523000
2004-01-21,6.050000,6.150000,6.000000,6.100000,5.054163,56903000
2004-01-22,null,null,null,null,null,null
2004-01-23,null,null,null,null,null,null
2004-01-26,6.050000,6.100000,5.950000,6.000000,4.971308,87907207
2004-01-27,5.900000,5.950000,5.750000,5.950000,4.929881,137496700
2004-01-28,5.900000,5.900000,5.750000,5.800000,4.805597,110192842
2004-01-29,5.650000,5.750000,5.600000,5.750000,4.764169,123822700
2004-01-30,5.700000,5.800000,5.600000,5.700000,4.722741,129218910
2004-02-02,5.450000,5.500000,5.350000,5.400000,4.474177,207094896
2004-02-03,5.350000,5.650000,5.250000,5.600000,4.639887,243423310
2004-02-04,5.600000,5.600000,5.350000,5.350000,4.432749,175216000
2004-02-05,5.250000,5.300000,5.100000,5.250000,4.349894,227838186
2004-02-06,5.200000,5.350000,5.200000,5.300000,4.391322,144454600
2004-02-09,5.350000,5.600000,5.300000,5.550000,4.598460,147441031
2004-02-10,5.500000,5.550000,5.400000,5.450000,4.515604,98095939
2004-02-11,5.450000,5.750000,5.450000,5.700000,4.722741,199619000
2004-02-12,5.750000,5.800000,5.550000,5.650000,4.681314,120468966
2004-02-13,5.600000,5.700000,5.500000,5.650000,4.681314,97161000
2004-02-16,5.700000,5.750000,5.600000,5.750000,4.764169,106662555
2004-02-17,5.700000,5.800000,5.650000,5.800000,4.805597,104363000
2004-02-18,5.850000,5.900000,5.750000,5.800000,4.805597,108274201
2004-02-19,5.750000,5.800000,5.600000,5.700000,4.722741,85528100
2004-02-20,5.600000,5.700000,5.600000,5.650000,4.681314,81564200
2004-02-23,5.600000,5.650000,5.500000,5.650000,4.681314,59363000
2004-02-24,5.550000,5.700000,5.500000,5.600000,4.639887,90615620
2004-02-25,5.550000,5.600000,5.400000,5.450000,4.515604,106407000
2004-02-26,5.450000,5.550000,5.400000,5.500000,4.557032,65079202
2004-02-27,5.450000,5.600000,5.450000,5.550000,4.598460,77047000
2004-03-01,5.550000,5.600000,5.450000,5.500000,4.557032,50714000
2004-03-02,5.450000,5.550000,5.450000,5.550000,4.598460,47280000
2004-03-03,5.450000,5.500000,5.400000,5.400000,4.474177,68695500
2004-03-04,5.450000,5.650000,5.400000,5.600000,4.639887,91688000
2004-03-05,5.600000,5.700000,5.600000,5.650000,4.681314,115361000
2004-03-08,5.650000,5.700000,5.550000,5.600000,4.639887,65117636
2004-03-09,5.500000,5.550000,5.400000,5.450000,4.515604,76993000
2004-03-10,5.450000,5.500000,5.400000,5.450000,4.515604,51127000
2004-03-11,5.350000,5.400000,5.200000,5.250000,4.349894,110077300
2004-03-12,5.150000,5.300000,5.050000,5.300000,4.391322,131429000
2004-03-15,5.300000,5.350000,5.250000,5.300000,4.391322,66300000
2004-03-16,5.200000,5.250000,5.100000,5.200000,4.308466,59055000
2004-03-17,5.200000,5.300000,5.150000,5.250000,4.349894,36705000
2004-03-18,5.150000,5.200000,4.950000,5.000000,4.142756,204756422
2004-03-19,4.925000,4.975000,4.875000,4.900000,4.059901,108609830
2004-03-22,4.800000,4.875000,4.800000,4.850000,4.018474,58598000
2004-03-23,4.775000,5.050000,4.775000,5.000000,4.142756,117991300
2004-03-24,4.950000,5.000000,4.925000,5.000000,4.142756,50663000
2004-03-25,4.925000,4.925000,4.850000,4.875000,4.039188,54706000
2004-03-26,4.925000,4.950000,4.850000,4.875000,4.039188,39707600
2004-03-29,4.875000,4.900000,4.825000,4.875000,4.039188,21021000
2004-03-30,4.925000,4.975000,4.900000,4.975000,4.122044,34283000
2004-03-31,4.975000,5.000000,4.900000,4.925000,4.080616,27226830
2004-04-01,4.875000,4.900000,4.700000,4.750000,3.935618,123810290
2004-04-02,4.725000,4.800000,4.625000,4.800000,3.977046,156719920
2004-04-05,null,null,null,null,null,null
2004-04-06,4.775000,4.950000,4.750000,4.875000,4.039188,96139277
2004-04-07,4.900000,5.200000,4.850000,5.150000,4.267040,190296849
2004-04-08,5.250000,5.300000,5.150000,5.250000,4.349894,140188442
2004-04-09,null,null,null,null,null,null
2004-04-12,null,null,null,null,null,null
2004-04-13,5.200000,5.250000,5.050000,5.100000,4.225611,75819010
2004-04-14,5.000000,5.000000,4.800000,4.825000,3.997760,124615000
2004-04-15,4.850000,4.925000,4.800000,4.925000,4.080616,65108928
2004-04-16,4.850000,4.925000,4.850000,4.875000,4.039188,52701000
2004-04-19,4.875000,4.875000,4.775000,4.775000,3.956333,43006220
2004-04-20,4.800000,4.825000,4.600000,4.675000,3.873478,84093682
2004-04-21,4.600000,4.625000,4.450000,4.500000,3.728481,118139865
2004-04-22,4.550000,4.750000,4.550000,4.725000,3.914904,63797288
2004-04-23,4.800000,4.950000,4.775000,4.900000,4.059901,85254476
2004-04-26,4.825000,4.825000,4.525000,4.625000,3.832050,95308000
2004-04-27,4.600000,4.650000,4.550000,4.575000,3.790622,30601000
2004-04-28,4.500000,4.550000,4.450000,4.450000,3.687054,62341000
2004-04-29,4.300000,4.300000,4.200000,4.275000,3.542057,119884594
2004-04-30,4.175000,4.275000,4.075000,4.250000,3.521343,108565036
2004-05-03,4.200000,4.250000,4.175000,4.225000,3.500629,32491440
2004-05-04,4.225000,4.350000,4.225000,4.275000,3.542057,67403880
2004-05-05,4.300000,4.300000,4.150000,4.225000,3.500629,38101420
2004-05-06,4.225000,4.350000,4.200000,4.275000,3.542057,39521200
2004-05-07,4.200000,4.250000,4.175000,4.250000,3.521343,27309820
2004-05-10,4.150000,4.175000,3.900000,4.025000,3.334919,78881436
2004-05-11,3.950000,4.200000,3.925000,4.150000,3.438487,62295420
2004-05-12,4.275000,4.325000,4.150000,4.150000,3.438487,36527022
2004-05-13,4.125000,4.175000,4.025000,4.025000,3.334919,33942000
2004-05-14,4.025000,4.025000,3.900000,3.925000,3.252064,43854000
2004-05-17,3.825000,3.925000,3.800000,3.875000,3.210636,57445381
2004-05-18,3.900000,3.950000,3.850000,3.900000,3.231350,33052465
2004-05-19,4.000000,4.100000,4.000000,4.075000,3.376346,45254770
2004-05-20,4.025000,4.200000,4.000000,4.075000,3.376346,49999000
2004-05-21,4.075000,4.250000,4.025000,4.225000,3.500629,51492300
2004-05-24,4.225000,4.300000,4.150000,4.275000,3.542057,32663170
2004-05-25,4.250000,4.375000,4.200000,4.375000,3.624912,45008100
2004-05-26,null,null,null,null,null,null
2004-05-27,4.450000,4.550000,4.425000,4.525000,3.749195,90220030
2004-05-28,4.600000,4.675000,4.525000,4.625000,3.832050,104320200
2004-05-31,4.575000,4.625000,4.525000,4.575000,3.790622,52215000
2004-06-01,4.575000,4.675000,4.500000,4.525000,3.749195,41375000
2004-06-02,4.550000,4.625000,4.525000,4.600000,3.811336,28451394
2004-06-03,4.600000,4.625000,4.375000,4.450000,3.687054,60959972
2004-06-04,4.425000,4.475000,4.400000,4.450000,3.687054,29669000
2004-06-07,4.525000,4.650000,4.525000,4.650000,3.852764,58555368
2004-06-08,4.700000,4.725000,4.600000,4.625000,3.832050,66085900
2004-06-09,4.625000,4.650000,4.575000,4.600000,3.811336,31236000
2004-06-10,4.575000,4.650000,4.525000,4.625000,3.832050,26628054
2004-06-11,4.600000,4.700000,4.575000,4.675000,3.873478,43231330
2004-06-14,4.700000,4.750000,4.575000,4.600000,3.811336,62418720
2004-06-15,4.550000,4.600000,4.475000,4.525000,3.749195,52463000
2004-06-16,4.600000,4.625000,4.450000,4.475000,3.707767,43629940
2004-06-17,4.425000,4.475000,4.325000,4.325000,3.583484,49913000
2004-06-18,4.200000,4.250000,4.125000,4.200000,3.479915,46134000
2004-06-21,4.225000,4.350000,4.225000,4.300000,3.562771,31581000
2004-06-22,4.300000,4.300000,4.300000,4.300000,3.562771,0
2004-06-23,4.325000,4.475000,4.300000,4.425000,3.666339,52935000
2004-06-24,4.475000,4.550000,4.350000,4.525000,3.749195,71553530
2004-06-25,4.525000,4.575000,4.475000,4.525000,3.749195,52438000
2004-06-28,4.525000,4.600000,4.450000,4.575000,3.790622,39317960
2004-06-29,4.550000,4.600000,4.525000,4.550000,3.769909,47086800
2004-06-30,4.600000,4.675000,4.575000,4.650000,3.852764,60123090
2004-07-01,4.620000,4.620000,4.620000,4.620000,3.827907,0
2004-07-02,4.525000,4.600000,4.500000,4.575000,3.790622,43012400
2004-07-05,4.550000,4.575000,4.500000,4.525000,3.749195,18806000
2004-07-06,4.575000,4.575000,4.500000,4.550000,3.769909,36740080
2004-07-07,4.525000,4.600000,4.500000,4.600000,3.811336,35857000
2004-07-08,4.600000,4.600000,4.500000,4.525000,3.749195,32257202
2004-07-09,4.525000,4.600000,4.525000,4.575000,3.790622,43869333
2004-07-12,4.550000,4.575000,4.450000,4.475000,3.707767,32058000
2004-07-13,4.475000,4.475000,4.350000,4.400000,3.645626,42827000
2004-07-14,4.375000,4.425000,4.275000,4.300000,3.562771,40307000
2004-07-15,4.325000,4.325000,4.200000,4.225000,3.500629,42788000
2004-07-16,4.225000,4.325000,4.225000,4.275000,3.542057,24040000
2004-07-19,4.275000,4.375000,4.275000,4.375000,3.624912,30870000
2004-07-20,4.325000,4.350000,4.300000,4.325000,3.583484,16456000
2004-07-21,4.375000,4.425000,4.350000,4.375000,3.624912,17642000
2004-07-22,4.325000,4.350000,4.275000,4.325000,3.583484,41314612
2004-07-23,4.325000,4.350000,4.300000,4.300000,3.562771,17771000
2004-07-26,4.275000,4.325000,4.250000,4.275000,3.542057,38013160
2004-07-27,4.275000,4.325000,4.225000,4.225000,3.500629,42762000
2004-07-28,4.250000,4.300000,4.200000,4.225000,3.500629,33407390
2004-07-29,4.200000,4.275000,4.200000,4.275000,3.542057,13791000
2004-07-30,4.300000,4.325000,4.250000,4.300000,3.562771,13372000
2004-08-02,4.300000,4.300000,4.250000,4.250000,3.521343,12667000
2004-08-03,4.300000,4.300000,4.125000,4.200000,3.479915,59304000
2004-08-04,4.125000,4.150000,4.075000,4.125000,3.417774,32591205
2004-08-05,4.125000,4.225000,4.125000,4.200000,3.479915,20684000
2004-08-06,4.150000,4.200000,4.125000,4.150000,3.438487,23330522
2004-08-09,4.100000,4.200000,4.100000,4.150000,3.438487,8910000
2004-08-10,4.125000,4.175000,4.125000,4.175000,3.459201,12364360
2004-08-11,4.150000,4.175000,4.100000,4.125000,3.417774,15652000
2004-08-12,4.075000,4.150000,4.050000,4.150000,3.438487,24883960
2004-08-13,4.100000,4.150000,4.100000,4.150000,3.438487,20473000
2004-08-16,4.075000,4.100000,4.025000,4.025000,3.334919,21785000
2004-08-17,4.050000,4.125000,4.025000,4.075000,3.376346,18299000
2004-08-18,4.025000,4.150000,4.025000,4.100000,3.397060,21662010
2004-08-19,4.175000,4.325000,4.150000,4.300000,3.562771,60871890
2004-08-20,4.250000,4.300000,4.225000,4.275000,3.542057,21895662
2004-08-23,4.250000,4.275000,4.175000,4.200000,3.479915,25932806
2004-08-24,4.150000,4.250000,4.125000,4.225000,3.500629,24697000
2004-08-25,4.250000,4.350000,4.225000,4.325000,3.583484,36839895
2004-08-26,4.350000,4.375000,4.250000,4.275000,3.542057,24601000
2004-08-27,4.300000,4.325000,4.250000,4.300000,3.562771,20269430
2004-08-30,4.375000,4.600000,4.375000,4.575000,3.790622,153460349
2004-08-31,4.550000,4.675000,4.525000,4.625000,3.832050,111149500
2004-09-01,4.700000,4.700000,4.575000,4.600000,3.811336,46747415
2004-09-02,4.625000,4.725000,4.550000,4.675000,3.873478,76436049
2004-09-03,4.700000,4.725000,4.650000,4.725000,3.914904,52983000
2004-09-06,4.675000,4.725000,4.650000,4.725000,3.914904,28125000
2004-09-07,4.700000,4.950000,4.650000,4.925000,4.080616,135320358
2004-09-08,4.975000,5.000000,4.850000,4.875000,4.039188,113673332
2004-09-09,4.875000,4.950000,4.800000,4.850000,4.018474,43937480
2004-09-10,4.825000,4.850000,4.775000,4.825000,3.997760,52159000
2004-09-13,4.825000,4.875000,4.725000,4.775000,3.956333,40886085
2004-09-14,4.775000,4.875000,4.750000,4.800000,3.977046,48715000
2004-09-15,4.800000,4.850000,4.775000,4.850000,4.018474,29038000
2004-09-16,4.825000,4.975000,4.825000,4.975000,4.122044,79842842
2004-09-17,5.000000,5.150000,4.975000,5.050000,4.184184,139838880
2004-09-20,5.100000,5.150000,5.000000,5.100000,4.225611,83177687
2004-09-21,5.100000,5.250000,5.050000,5.200000,4.308466,95183628
2004-09-22,5.150000,5.200000,5.000000,5.050000,4.184184,80059019
2004-09-23,5.000000,5.100000,4.925000,5.050000,4.184184,76788900
2004-09-24,5.000000,5.100000,4.875000,4.925000,4.080616,79801981
2004-09-27,4.900000,4.975000,4.800000,4.900000,4.059901,37906570
2004-09-28,4.925000,4.950000,4.875000,4.900000,4.059901,38556000
2004-09-29,4.920000,4.920000,4.920000,4.920000,4.076473,0
2004-09-30,4.900000,5.100000,4.900000,5.050000,4.184184,35388705
2004-10-01,5.020000,5.020000,5.020000,5.020000,4.159328,0
2004-10-04,5.150000,5.200000,5.050000,5.200000,4.308466,83825019
2004-10-05,5.150000,5.250000,5.100000,5.150000,4.267040,86593410
2004-10-06,5.200000,5.250000,5.100000,5.150000,4.267040,62421274
2004-10-07,5.200000,5.200000,5.100000,5.150000,4.267040,47281580
2004-10-08,5.100000,5.150000,5.000000,5.050000,4.184184,57358350
2004-10-11,5.050000,5.200000,5.000000,5.100000,4.225611,39116509
2004-10-12,5.100000,5.150000,5.050000,5.050000,4.184184,21728000
2004-10-13,5.100000,5.150000,4.975000,5.050000,4.184184,31675404
2004-10-14,4.975000,5.000000,4.900000,4.975000,4.122044,39542380
2004-10-15,4.925000,4.975000,4.900000,4.975000,4.122044,28612030
2004-10-18,4.950000,4.975000,4.925000,4.950000,4.101329,20814000
2004-10-19,4.975000,5.000000,4.950000,5.000000,4.142756,20941000
2004-10-20,4.975000,4.975000,4.925000,4.950000,4.101329,27819000
2004-10-21,4.950000,4.950000,4.825000,4.900000,4.059901,28312181
2004-10-22,4.920000,4.920000,4.920000,4.920000,4.076473,0
2004-10-25,4.825000,4.875000,4.800000,4.850000,4.018474,21890500
2004-10-26,4.825000,4.875000,4.825000,4.850000,4.018474,13646000
2004-10-27,4.900000,4.900000,4.825000,4.850000,4.018474,18233000
2004-10-28,4.900000,5.050000,4.875000,5.000000,4.142756,39665200
2004-10-29,5.150000,5.200000,5.050000,5.150000,4.267040,128524535
2004-11-01,5.150000,5.200000,5.100000,5.150000,4.267040,31762438
2004-11-02,5.200000,5.250000,5.150000,5.200000,4.308466,59257035
2004-11-03,5.200000,5.250000,5.150000,5.150000,4.267040,39783553
2004-11-04,5.200000,5.250000,5.150000,5.150000,4.267040,28036000
2004-11-05,5.200000,5.250000,5.150000,5.250000,4.349894,45317842
2004-11-08,5.200000,5.400000,5.150000,5.350000,4.432749,117616475
2004-11-09,5.350000,5.500000,5.350000,5.450000,4.515604,96759092
2004-11-10,5.450000,5.600000,5.400000,5.600000,4.639887,142413795
2004-11-11,5.700000,5.800000,5.600000,5.750000,4.764169,222345276
2004-11-12,5.800000,5.850000,5.600000,5.700000,4.722741,135521974
2004-11-15,5.700000,5.750000,5.600000,5.700000,4.722741,88792539
2004-11-16,5.750000,5.900000,5.650000,5.750000,4.764169,162608277
2004-11-17,5.800000,5.850000,5.700000,5.800000,4.805597,67423710
2004-11-18,5.750000,5.850000,5.750000,5.800000,4.805597,55150198
2004-11-19,5.800000,5.900000,5.700000,5.750000,4.764169,43615550
2004-11-22,5.650000,5.750000,5.600000,5.750000,4.764169,53658305
2004-11-23,5.700000,5.850000,5.700000,5.800000,4.805597,46071000
2004-11-24,5.850000,5.950000,5.800000,5.850000,4.847024,110400012
2004-11-25,5.900000,5.900000,5.750000,5.800000,4.805597,51145000
2004-11-26,5.800000,5.850000,5.750000,5.800000,4.805597,49720000
2004-11-29,5.850000,5.850000,5.750000,5.750000,4.764169,51108417
2004-11-30,5.750000,5.800000,5.750000,5.750000,4.764169,46674460
2004-12-01,5.750000,5.750000,5.650000,5.700000,4.722741,44888701
2004-12-02,5.800000,5.850000,5.650000,5.800000,4.805597,69848880
2004-12-03,5.800000,5.800000,5.700000,5.700000,4.722741,38351500
2004-12-06,5.700000,5.850000,5.700000,5.750000,4.764169,35545800
2004-12-07,5.750000,5.800000,5.700000,5.750000,4.764169,30959720
2004-12-08,5.750000,6.050000,5.700000,5.900000,4.888453,216293261
2004-12-09,5.900000,6.000000,5.800000,5.900000,4.888453,85307000
2004-12-10,5.850000,5.900000,5.550000,5.550000,4.598460,119570184
2004-12-13,5.500000,5.550000,5.300000,5.400000,4.474177,105262550
2004-12-14,5.450000,5.500000,5.350000,5.500000,4.557032,63819940
2004-12-15,5.500000,5.550000,5.400000,5.500000,4.557032,59244000
2004-12-16,5.550000,5.550000,5.400000,5.500000,4.557032,27883323
2004-12-17,5.500000,5.600000,5.500000,5.600000,4.639887,46734000
2004-12-20,5.550000,5.600000,5.500000,5.550000,4.598460,28253000
2004-12-21,5.600000,5.600000,5.500000,5.550000,4.598460,25843000
2004-12-22,5.400000,5.450000,5.300000,5.400000,4.474177,69783815
2004-12-23,5.400000,5.450000,5.350000,5.450000,4.515604,49201000
2004-12-24,5.450000,5.450000,5.350000,5.400000,4.474177,24794970
2004-12-27,5.420000,5.420000,5.420000,5.420000,4.490747,0
2004-12-28,5.350000,5.450000,5.300000,5.350000,4.432749,37308000
2004-12-29,5.400000,5.450000,5.350000,5.400000,4.474177,51046000
2004-12-30,5.400000,5.400000,5.150000,5.150000,4.267040,103541240
2004-12-31,5.150000,5.300000,5.150000,5.200000,4.308466,44481241
2005-01-03,5.200000,5.300000,5.150000,5.300000,4.391322,27592000
2005-01-04,5.300000,5.300000,5.200000,5.250000,4.349894,34965280
2005-01-05,5.150000,5.200000,5.050000,5.100000,4.225611,70316620
2005-01-06,5.050000,5.150000,5.050000,5.100000,4.225611,40990190
2005-01-07,5.100000,5.150000,4.975000,5.050000,4.184184,64398000
2005-01-10,5.100000,5.250000,5.000000,5.200000,4.308466,50556000
2005-01-11,5.200000,5.300000,5.200000,5.300000,4.391322,50885000
2005-01-12,5.250000,5.450000,5.200000,5.400000,4.474177,72050082
2005-01-13,5.400000,5.450000,5.300000,5.350000,4.432749,40437940
2005-01-14,5.250000,5.350000,5.150000,5.200000,4.308466,45147000
2005-01-17,5.300000,5.350000,5.250000,5.300000,4.391322,30874000
2005-01-18,5.300000,5.400000,5.250000,5.400000,4.474177,48407362
2005-01-19,5.400000,5.400000,5.300000,5.350000,4.432749,37087500
2005-01-20,5.300000,5.350000,5.250000,5.300000,4.391322,15595500
2005-01-21,5.300000,5.300000,5.200000,5.250000,4.349894,20416300
2005-01-24,5.250000,5.300000,5.100000,5.150000,4.267040,45908085
2005-01-25,5.150000,5.250000,5.150000,5.250000,4.349894,27375000
2005-01-26,5.300000,5.400000,5.300000,5.400000,4.474177,58060000
2005-01-27,5.350000,5.500000,5.300000,5.300000,4.391322,52533700
2005-01-28,5.400000,5.400000,5.300000,5.300000,4.391322,13521000
2005-01-31,5.150000,5.250000,5.100000,5.200000,4.308466,84211621
2005-02-01,5.150000,5.200000,5.100000,5.150000,4.267040,38509890
2005-02-02,5.100000,5.150000,5.100000,5.150000,4.267040,36234930
2005-02-03,5.150000,5.150000,5.100000,5.100000,4.225611,32116363
2005-02-04,5.100000,5.200000,5.100000,5.200000,4.308466,24313395
2005-02-07,5.200000,5.300000,5.150000,5.250000,4.349894,42998920
2005-02-08,5.250000,5.250000,5.200000,5.250000,4.349894,15458000
2005-02-14,5.300000,5.300000,5.150000,5.200000,4.308466,52069643
2005-02-15,5.250000,5.300000,5.200000,5.250000,4.349894,35761690
2005-02-16,5.250000,5.350000,5.200000,5.250000,4.349894,49417948
2005-02-17,5.250000,5.300000,5.150000,5.200000,4.308466,31013000
2005-02-18,5.200000,5.250000,5.150000,5.250000,4.349894,26852024
2005-02-21,5.250000,5.300000,5.200000,5.200000,4.308466,27051751
2005-02-22,5.250000,5.250000,5.200000,5.200000,4.308466,17152000
2005-02-23,5.150000,5.200000,5.150000,5.200000,4.308466,38986000
2005-02-24,5.200000,5.250000,5.150000,5.200000,4.308466,29288600
2005-02-25,5.200000,5.250000,5.150000,5.200000,4.308466,36961500
2005-02-28,5.250000,5.450000,5.200000,5.450000,4.515604,137439622
2005-03-01,5.450000,5.600000,5.350000,5.450000,4.515604,168802010
2005-03-02,5.450000,5.500000,5.250000,5.300000,4.391322,90224000
2005-03-03,5.250000,5.350000,5.200000,5.350000,4.432749,49970940
2005-03-04,5.300000,5.350000,5.150000,5.200000,4.308466,65348000
2005-03-07,5.250000,5.300000,5.150000,5.200000,4.308466,44624000
2005-03-08,5.200000,5.400000,5.150000,5.350000,4.432749,78590000
2005-03-09,5.350000,5.400000,5.300000,5.350000,4.432749,59509000
2005-03-10,5.300000,5.350000,5.250000,5.350000,4.432749,55888900
2005-03-11,5.300000,5.300000,5.250000,5.300000,4.391322,20929400
2005-03-14,5.300000,5.300000,5.200000,5.200000,4.308466,33060700
2005-03-15,5.250000,5.300000,5.200000,5.250000,4.349894,52051936
2005-03-16,5.200000,5.250000,5.150000,5.250000,4.349894,18435244
2005-03-17,5.200000,5.300000,5.200000,5.300000,4.391322,39818480
2005-03-18,5.300000,5.350000,5.200000,5.350000,4.432749,50563000
2005-03-21,5.300000,5.350000,5.300000,5.350000,4.432749,29406000
2005-03-22,5.300000,5.350000,5.250000,5.300000,4.391322,31058000
2005-03-23,5.250000,5.250000,5.150000,5.250000,4.349894,56313000
2005-03-24,5.200000,5.300000,5.150000,5.200000,4.308466,49574000
2005-03-29,5.250000,5.300000,5.150000,5.250000,4.349894,28796695
2005-03-30,5.200000,5.250000,5.150000,5.200000,4.308466,27224000
2005-03-31,5.200000,5.250000,5.150000,5.200000,4.308466,27637900
2005-04-01,5.150000,5.200000,5.100000,5.150000,4.267040,31012000
2005-04-04,5.200000,5.200000,5.150000,5.200000,4.308466,19265680
2005-04-06,5.200000,5.250000,5.150000,5.200000,4.308466,29587000
2005-04-07,5.250000,5.250000,5.150000,5.200000,4.308466,24728000
2005-04-08,5.200000,5.250000,5.150000,5.250000,4.349894,37282400
2005-04-11,5.250000,5.250000,5.150000,5.200000,4.308466,30108000
2005-04-12,5.150000,5.200000,5.000000,5.050000,4.184184,88057800
2005-04-13,5.050000,5.100000,5.000000,5.100000,4.225611,82542000
2005-04-14,5.000000,5.100000,5.000000,5.000000,4.142756,33097000
2005-04-15,4.975000,5.000000,4.925000,4.950000,4.101329,92964000
2005-04-18,4.900000,4.925000,4.825000,4.850000,4.018474,69675736
2005-04-19,4.975000,5.100000,4.950000,5.050000,4.184184,109493527
2005-04-20,5.050000,5.100000,5.000000,5.000000,4.142756,55782750
2005-04-21,4.975000,5.150000,4.975000,5.150000,4.267040,58435407
2005-04-22,5.150000,5.300000,5.100000,5.250000,4.349894,103139638
2005-04-25,5.200000,5.250000,5.200000,5.250000,4.349894,32542200
2005-04-26,5.200000,5.300000,5.200000,5.300000,4.391322,45295490
2005-04-27,5.250000,5.250000,5.150000,5.200000,4.308466,43425000
2005-04-28,5.200000,5.250000,5.150000,5.200000,4.308466,25110000
2005-04-29,5.200000,5.200000,5.100000,5.150000,4.267040,37050800
2005-05-03,5.200000,5.250000,5.150000,5.200000,4.308466,30236757
2005-05-04,5.200000,5.250000,5.150000,5.200000,4.308466,13074000
2005-05-05,5.200000,5.300000,5.200000,5.300000,4.391322,52676270
2005-05-06,5.250000,5.300000,5.200000,5.250000,4.349894,33742000
2005-05-09,5.300000,5.300000,5.250000,5.300000,4.391322,20287803
2005-05-10,5.300000,5.350000,5.250000,5.250000,4.349894,52774183
2005-05-11,5.250000,5.300000,5.200000,5.250000,4.349894,20964000
2005-05-12,5.250000,5.250000,5.200000,5.250000,4.349894,19394000
2005-05-13,5.250000,5.250000,5.150000,5.200000,4.308466,35213700
2005-05-17,5.200000,5.250000,5.050000,5.100000,4.225611,74733600
2005-05-18,5.150000,5.150000,5.050000,5.100000,4.225611,50977000
2005-05-19,5.150000,5.150000,5.100000,5.150000,4.267040,32756000
2005-05-20,5.150000,5.150000,5.100000,5.150000,4.267040,19632104
2005-05-23,5.100000,5.150000,5.000000,5.100000,4.225611,60528000
2005-05-24,5.050000,5.100000,5.050000,5.100000,4.225611,32532217
2005-05-25,5.100000,5.100000,4.975000,5.050000,4.184184,66127000
2005-05-26,5.050000,5.100000,5.000000,5.000000,4.142756,24563400
2005-05-27,5.050000,5.150000,5.050000,5.050000,4.184184,29264000
2005-05-30,5.100000,5.150000,5.050000,5.150000,4.267040,18885000
2005-05-31,5.100000,5.150000,5.100000,5.150000,4.267040,14389300
2005-06-01,5.100000,5.150000,5.050000,5.100000,4.225611,26337700
2005-06-02,5.150000,5.150000,5.000000,5.000000,4.142756,57380600
2005-06-03,5.000000,5.100000,5.000000,5.000000,4.142756,20495500
2005-06-06,5.000000,5.100000,5.000000,5.100000,4.225611,28007000
2005-06-07,5.050000,5.200000,5.000000,5.100000,4.225611,62026420
2005-06-08,5.100000,5.150000,5.050000,5.100000,4.225611,40183633
2005-06-09,5.100000,5.250000,5.050000,5.100000,4.225611,87442490
2005-06-10,5.150000,5.150000,5.100000,5.150000,4.267040,16448000
2005-06-13,5.150000,5.150000,5.100000,5.100000,4.225611,15278000
2005-06-14,5.100000,5.150000,4.975000,5.050000,4.184184,78131355
2005-06-15,5.050000,5.100000,5.000000,5.100000,4.225611,45152000
2005-06-16,5.050000,5.400000,5.050000,5.350000,4.432749,313096913
2005-06-17,5.350000,5.350000,5.250000,5.300000,4.391322,140249048
2005-06-20,5.350000,5.400000,5.300000,5.350000,4.432749,71086100
2005-06-21,5.350000,5.400000,5.300000,5.400000,4.474177,40966600
2005-06-22,5.400000,5.500000,5.350000,5.450000,4.515604,94471025
2005-06-23,5.450000,5.450000,5.300000,5.400000,4.474177,94880800
2005-06-24,5.300000,5.350000,5.200000,5.300000,4.391322,76451000
2005-06-27,5.250000,5.350000,5.250000,5.350000,4.432749,52612600
2005-06-28,5.300000,5.350000,5.250000,5.350000,4.432749,57208902
2005-06-29,5.350000,5.400000,5.300000,5.350000,4.432749,37393637
2005-06-30,5.350000,5.400000,5.250000,5.300000,4.391322,68877586
2005-07-04,5.300000,5.350000,5.250000,5.350000,4.432749,34144488
2005-07-05,5.300000,5.400000,5.300000,5.400000,4.474177,42827397
2005-07-06,5.350000,5.400000,5.300000,5.300000,4.391322,75351000
2005-07-07,5.300000,5.350000,5.200000,5.300000,4.391322,49035000
2005-07-08,5.250000,5.300000,5.150000,5.200000,4.308466,69204300
2005-07-11,5.250000,5.300000,5.200000,5.200000,4.308466,59248000
2005-07-12,5.250000,5.300000,5.200000,5.250000,4.349894,28942000
2005-07-13,5.250000,5.350000,5.250000,5.300000,4.391322,36485291
2005-07-14,5.350000,5.350000,5.250000,5.250000,4.349894,50220000
2005-07-15,5.300000,5.350000,5.250000,5.250000,4.349894,33059000
2005-07-18,5.250000,5.400000,5.250000,5.400000,4.474177,59897000
2005-07-19,5.300000,5.550000,5.300000,5.550000,4.598460,128167989
2005-07-20,5.600000,5.750000,5.550000,5.700000,4.722741,197101416
2005-07-21,5.700000,5.700000,5.500000,5.650000,4.681314,132507122
2005-07-22,5.800000,5.800000,5.550000,5.700000,4.722741,167630194
2005-07-25,5.650000,5.700000,5.550000,5.650000,4.681314,65234609
2005-07-26,5.600000,5.750000,5.600000,5.700000,4.722741,116557664
2005-07-27,5.700000,5.700000,5.600000,5.700000,4.722741,39491140
2005-07-28,5.700000,5.800000,5.650000,5.750000,4.764169,156765750
2005-07-29,5.700000,5.800000,5.700000,5.750000,4.764169,81813188
2005-08-01,5.800000,5.950000,5.750000,5.850000,4.847024,143720300
2005-08-02,5.900000,5.900000,5.750000,5.850000,4.847024,100991286
2005-08-03,5.850000,5.900000,5.750000,5.800000,4.805597,86361285
2005-08-04,5.800000,5.900000,5.750000,5.850000,4.847024,77609520
2005-08-05,5.800000,6.000000,5.800000,5.950000,4.929881,120784672
2005-08-08,5.900000,6.050000,5.850000,6.000000,4.971308,178192342
2005-08-09,6.000000,6.050000,5.900000,5.950000,4.929881,75289000
2005-08-10,6.000000,6.100000,5.900000,6.050000,5.012735,108287028
2005-08-11,6.100000,6.100000,5.950000,6.050000,5.012735,101078000
2005-08-12,6.050000,6.100000,6.000000,6.050000,5.012735,60557341
2005-08-15,6.100000,6.300000,6.050000,6.250000,5.178446,183758364
2005-08-16,6.250000,6.300000,6.150000,6.200000,5.137018,97861327
2005-08-17,6.150000,6.350000,6.100000,6.350000,5.261301,185506513
2005-08-18,6.300000,6.450000,6.000000,6.150000,5.095591,199714987
2005-08-19,6.100000,6.200000,5.950000,6.150000,5.095591,166849997
2005-08-22,6.200000,6.250000,6.100000,6.200000,5.137018,59421700
2005-08-23,6.250000,6.300000,6.050000,6.150000,5.095591,105970940
2005-08-24,6.100000,6.200000,6.050000,6.100000,5.054163,68421629
2005-08-25,6.050000,6.200000,6.000000,6.050000,5.012735,57545000
2005-08-26,6.100000,6.300000,6.050000,6.200000,5.137018,123729004
2005-08-29,6.200000,6.300000,5.950000,6.000000,4.971308,187497564
2005-08-30,6.100000,6.150000,6.000000,6.100000,5.054163,88400460
2005-08-31,6.050000,6.050000,5.950000,5.950000,4.929881,79549349
2005-09-01,6.050000,6.150000,6.050000,6.050000,5.012735,60834500
2005-09-02,6.100000,6.150000,6.050000,6.150000,5.095591,52022274
2005-09-05,6.150000,6.200000,6.050000,6.100000,5.054163,35951000
2005-09-06,6.100000,6.150000,6.000000,6.050000,5.012735,48263505
2005-09-07,6.100000,6.200000,6.050000,6.100000,5.054163,42456873
2005-09-08,6.150000,6.250000,6.100000,6.150000,5.095591,67625450
2005-09-09,6.200000,6.250000,6.100000,6.200000,5.137018,33651328
2005-09-12,6.200000,6.250000,6.150000,6.200000,5.137018,34968000
2005-09-13,6.200000,6.250000,6.150000,6.200000,5.137018,51001000
2005-09-14,6.200000,6.250000,6.050000,6.200000,5.137018,49219400
2005-09-15,6.150000,6.200000,6.100000,6.150000,5.095591,43231200
2005-09-16,6.150000,6.200000,6.050000,6.150000,5.095591,33604000
2005-09-20,6.150000,6.200000,6.100000,6.150000,5.095591,47336300
2005-09-21,6.150000,6.200000,6.100000,6.150000,5.095591,33858000
2005-09-22,6.100000,6.150000,6.050000,6.150000,5.095591,52153000
2005-09-23,6.100000,6.150000,5.900000,5.950000,4.929881,111081000
2005-09-26,5.950000,5.950000,5.800000,5.900000,4.888453,61614960
2005-09-27,5.850000,5.900000,5.750000,5.800000,4.805597,49669200
2005-09-28,5.800000,5.850000,5.750000,5.800000,4.805597,42075620
2005-09-29,5.850000,6.000000,5.800000,6.000000,4.971308,74171000
2005-09-30,6.000000,6.100000,5.900000,6.000000,4.971308,60108700
2005-10-03,6.000000,6.100000,6.000000,6.050000,5.012735,28419050
2005-10-04,6.100000,6.150000,6.050000,6.050000,5.012735,43181000
2005-10-05,6.050000,6.050000,5.950000,6.000000,4.971308,43572000
2005-10-06,5.900000,6.000000,5.850000,5.900000,4.888453,55841000
2005-10-07,5.900000,5.950000,5.850000,5.900000,4.888453,31911800
2005-10-10,5.900000,6.000000,5.850000,5.900000,4.888453,28461000
2005-10-12,5.850000,5.950000,5.750000,5.750000,4.764169,80075000
2005-10-13,5.750000,5.800000,5.750000,5.750000,4.764169,33070000
2005-10-14,5.750000,5.800000,5.650000,5.750000,4.764169,83206000
2005-10-17,5.750000,5.850000,5.750000,5.800000,4.805597,47812000
2005-10-18,5.800000,5.850000,5.750000,5.800000,4.805597,30872900
2005-10-19,5.750000,5.800000,5.650000,5.700000,4.722741,67257000
2005-10-20,5.750000,5.800000,5.700000,5.700000,4.722741,46052200
2005-10-21,5.700000,5.850000,5.650000,5.800000,4.805597,68505875
2005-10-24,5.800000,5.850000,5.650000,5.750000,4.764169,60599820
2005-10-25,5.800000,5.850000,5.700000,5.750000,4.764169,38879000
2005-10-26,5.750000,5.800000,5.650000,5.700000,4.722741,47226800
2005-10-27,5.700000,5.750000,5.650000,5.650000,4.681314,39263653
2005-10-28,5.650000,5.650000,5.550000,5.600000,4.639887,45128000
2005-10-31,5.600000,5.700000,5.550000,5.700000,4.722741,55575300
2005-11-01,5.700000,5.750000,5.650000,5.750000,4.764169,49883663
2005-11-02,5.700000,5.750000,5.700000,5.700000,4.722741,32776500
2005-11-03,5.800000,5.850000,5.750000,5.850000,4.847024,55255045
2005-11-04,5.850000,5.900000,5.800000,5.800000,4.805597,52965242
2005-11-07,5.800000,5.850000,5.700000,5.800000,4.805597,47328135
2005-11-08,5.750000,5.800000,5.700000,5.750000,4.764169,20902223
2005-11-09,5.700000,5.800000,5.700000,5.750000,4.764169,38313627
2005-11-10,5.800000,5.850000,5.750000,5.850000,4.847024,50237695
2005-11-11,5.900000,5.950000,5.850000,5.950000,4.929881,98808431
2005-11-14,5.950000,6.050000,5.900000,6.000000,4.971308,91350594
2005-11-15,6.000000,6.100000,5.950000,6.050000,5.012735,88643735
2005-11-16,6.050000,6.100000,5.950000,6.050000,5.012735,91179328
2005-11-17,6.000000,6.050000,5.950000,6.050000,5.012735,42050667
2005-11-18,6.100000,6.150000,6.050000,6.100000,5.054163,80547421
2005-11-21,6.150000,6.200000,6.050000,6.050000,5.012735,60471540
2005-11-22,6.100000,6.150000,6.000000,6.050000,5.012735,36834800
2005-11-23,6.050000,6.150000,6.000000,6.150000,5.095591,63897150
2005-11-24,6.150000,6.150000,6.100000,6.100000,5.054163,36265010
2005-11-25,6.150000,6.150000,6.050000,6.100000,5.054163,46799690
2005-11-28,6.100000,6.200000,6.050000,6.150000,5.095591,52096321
2005-11-29,6.150000,6.150000,6.100000,6.150000,5.095591,41299140
2005-11-30,6.150000,6.150000,6.100000,6.100000,5.054163,34417000
2005-12-01,6.150000,6.200000,6.100000,6.200000,5.137018,53949889
2005-12-02,6.250000,6.250000,6.150000,6.200000,5.137018,58402840
2005-12-05,6.250000,6.250000,6.150000,6.200000,5.137018,45288123
2005-12-06,6.200000,6.250000,6.100000,6.100000,5.054163,61947600
2005-12-07,6.150000,6.250000,6.100000,6.250000,5.178446,53642320
2005-12-08,6.200000,6.500000,6.200000,6.350000,5.261301,162304868
2005-12-09,6.350000,6.450000,6.300000,6.400000,5.302729,73062159
2005-12-12,6.450000,6.500000,6.350000,6.450000,5.344156,100001839
2005-12-13,6.500000,6.500000,6.400000,6.400000,5.302729,65629007
2005-12-14,6.500000,6.500000,6.400000,6.450000,5.344156,42667140
2005-12-15,6.500000,6.600000,6.400000,6.550000,5.427011,114764221
2005-12-16,6.600000,6.800000,6.550000,6.700000,5.551293,163567705
2005-12-19,6.700000,6.800000,6.650000,6.750000,5.592721,78243822
2005-12-20,6.750000,6.750000,6.600000,6.700000,5.551293,49412322
2005-12-21,6.700000,6.850000,6.650000,6.750000,5.592721,80499740
2005-12-22,6.800000,6.850000,6.700000,6.700000,5.551293,71147460
2005-12-23,6.750000,6.850000,6.700000,6.850000,5.675577,56160034
2005-12-28,6.800000,6.950000,6.750000,6.900000,5.717004,81679959
2005-12-29,6.950000,7.000000,6.850000,6.900000,5.717004,85933947
2005-12-30,6.850000,6.950000,6.750000,6.850000,5.675577,43581000
2006-01-03,6.800000,7.100000,6.800000,7.050000,5.841287,81588877
2006-01-04,7.150000,7.300000,7.100000,7.200000,5.965570,135605109
2006-01-05,7.200000,7.250000,7.000000,7.150000,5.924142,100558166
2006-01-06,7.100000,7.450000,7.050000,7.400000,6.131279,133138187
2006-01-09,7.450000,7.750000,7.450000,7.500000,6.214134,173401281
2006-01-10,7.600000,7.750000,7.400000,7.550000,6.255562,182487660
2006-01-11,7.550000,7.650000,7.300000,7.400000,6.131279,124695581
2006-01-12,7.500000,7.600000,7.250000,7.400000,6.131279,114092000
2006-01-13,7.400000,7.600000,7.300000,7.600000,6.296989,117072724
2006-01-16,7.650000,7.700000,7.450000,7.450000,6.172707,76637780
2006-01-17,7.500000,7.550000,7.350000,7.400000,6.131279,97966974
2006-01-18,7.300000,7.600000,7.250000,7.550000,6.255562,118605930
2006-01-19,7.600000,7.750000,7.450000,7.750000,6.421272,92113700
2006-01-20,7.800000,7.900000,7.550000,7.600000,6.296989,106062376
2006-01-23,7.500000,7.750000,7.450000,7.700000,6.379845,91201040
2006-01-24,7.850000,7.850000,7.600000,7.700000,6.379845,86812767
2006-01-25,7.750000,7.750000,7.600000,7.650000,6.338417,57137267
2006-01-26,7.750000,7.800000,7.600000,7.600000,6.296989,70387322
2006-01-27,7.600000,7.850000,7.600000,7.750000,6.421272,68857776
2006-02-01,7.850000,7.950000,7.750000,7.950000,6.586982,88176450
2006-02-02,7.950000,8.100000,7.800000,8.050000,6.669838,102119835
2006-02-03,7.950000,8.000000,7.750000,7.800000,6.462700,79618267
2006-02-06,7.850000,8.350000,7.850000,8.200000,6.794120,157152500
2006-02-07,8.300000,8.500000,8.200000,8.350000,6.918402,134661294
2006-02-08,8.350000,8.350000,8.050000,8.100000,6.711266,107487004
2006-02-09,8.150000,8.300000,8.100000,8.150000,6.752692,91908000
2006-02-10,8.150000,8.250000,8.100000,8.250000,6.835547,42307210
2006-02-13,8.200000,8.400000,8.150000,8.350000,6.918402,49546889
2006-02-14,8.250000,8.750000,8.250000,8.750000,7.249824,74779403
2006-02-15,8.800000,8.800000,8.400000,8.450000,7.001258,165084500
2006-02-16,8.550000,8.600000,8.300000,8.350000,6.918402,68461000
2006-02-17,8.400000,8.550000,8.350000,8.450000,7.001258,55967540
2006-02-20,8.500000,8.850000,8.450000,8.850000,7.332679,95573500
2006-02-21,8.900000,8.950000,8.700000,8.850000,7.332679,110589875
2006-02-22,9.050000,9.400000,8.950000,9.400000,7.788383,186842710
2006-02-23,9.450000,9.750000,9.300000,9.450000,7.829808,155413000
2006-02-24,9.450000,9.500000,9.050000,9.100000,7.539817,145573020
2006-02-27,9.150000,9.350000,8.900000,9.050000,7.498389,135347248
2006-02-28,9.000000,9.050000,8.750000,8.800000,7.291252,151825660
2006-03-01,8.700000,9.050000,8.650000,8.850000,7.332679,152082340
2006-03-02,9.000000,9.100000,8.800000,8.900000,7.374107,92732280
2006-03-03,8.850000,9.200000,8.800000,9.100000,7.539817,76817016
2006-03-06,9.150000,9.200000,8.950000,9.150000,7.581244,51837000
2006-03-07,9.000000,9.050000,8.700000,8.700000,7.208397,85243947
2006-03-08,8.550000,8.600000,8.350000,8.500000,7.042686,136087291
2006-03-09,8.600000,8.650000,8.500000,8.500000,7.042686,64550000
2006-03-10,8.500000,8.550000,8.300000,8.350000,6.918402,103040000
2006-03-13,8.450000,8.750000,8.400000,8.700000,7.208397,93334347
2006-03-14,8.700000,8.750000,8.550000,8.650000,7.166969,42642246
2006-03-15,8.750000,8.950000,8.700000,8.850000,7.332679,73080940
2006-03-16,8.850000,8.950000,8.600000,8.800000,7.291252,58052917
2006-03-17,8.900000,8.950000,8.750000,8.950000,7.415535,51604650
2006-03-20,9.050000,9.200000,8.950000,9.150000,7.581244,72138000
2006-03-21,9.150000,9.750000,9.050000,9.700000,8.036947,185741160
2006-03-22,9.650000,9.750000,9.400000,9.400000,7.788383,156964600
2006-03-23,9.500000,9.650000,9.450000,9.550000,7.912665,63051974
2006-03-24,9.500000,9.700000,9.450000,9.600000,7.954092,44188000
2006-03-27,9.700000,10.000000,9.650000,10.000000,8.285512,87568071
2006-03-28,10.000000,10.200000,9.900000,10.150000,8.409797,122824619
2006-03-29,10.000000,10.200000,9.750000,9.850000,8.161232,90508180
2006-03-30,9.900000,10.100000,9.750000,9.850000,8.161232,78171000
2006-03-31,9.850000,10.000000,9.700000,9.850000,8.161232,59155800
2006-04-03,9.900000,10.050000,9.750000,10.000000,8.285512,84217700
2006-04-04,10.000000,10.150000,9.900000,10.050000,8.326943,75587728
2006-04-06,10.250000,10.300000,10.100000,10.250000,8.492652,83722273
2006-04-07,10.250000,10.650000,10.150000,10.450000,8.658359,112682772
2006-04-10,10.400000,10.650000,10.400000,10.550000,8.741215,85168400
2006-04-11,10.450000,10.500000,10.200000,10.350000,8.575506,95025000
2006-04-12,10.050000,10.150000,9.800000,9.950000,8.244087,122628210
2006-04-13,9.900000,10.100000,9.850000,10.000000,8.285512,72995828
2006-04-18,10.400000,10.500000,10.300000,10.400000,8.616933,86572500
2006-04-19,10.400000,10.600000,10.100000,10.450000,8.658359,149452594
2006-04-20,10.650000,10.950000,10.350000,10.750000,8.906925,139478222
2006-04-21,10.850000,11.000000,10.600000,10.800000,8.948355,133939585
2006-04-24,10.650000,10.850000,10.350000,10.800000,8.948355,111976133
2006-04-25,10.700000,10.700000,10.200000,10.300000,8.534080,116000000
2006-04-26,10.300000,10.500000,10.200000,10.450000,8.658359,113382000
2006-04-27,10.400000,10.600000,10.350000,10.500000,8.699787,88536300
2006-04-28,10.450000,10.550000,10.150000,10.500000,8.699787,63893000
2006-05-02,10.600000,10.800000,10.550000,10.800000,8.948355,68824800
2006-05-03,10.950000,10.950000,10.800000,10.850000,8.989780,63637000
2006-05-04,10.850000,11.000000,10.800000,10.950000,9.072636,47752367
2006-05-08,11.350000,11.700000,11.150000,11.700000,9.694049,111821789
2006-05-09,11.750000,11.900000,11.600000,11.750000,9.735479,87527435
2006-05-10,11.750000,11.850000,11.500000,11.800000,9.776906,85811549
2006-05-11,11.800000,12.350000,11.700000,12.100000,10.025471,86641230
2006-05-12,11.950000,12.550000,11.850000,12.500000,10.356892,111347400
2006-05-15,12.000000,12.500000,12.000000,12.100000,10.064506,84627641
2006-05-16,12.050000,12.200000,11.500000,11.950000,9.939739,135717010
2006-05-17,12.250000,12.800000,12.250000,12.800000,10.646749,121782810
2006-05-18,12.300000,12.700000,12.250000,12.550000,10.438806,103331171
2006-05-19,12.450000,13.050000,12.450000,12.850000,10.688338,121810734
2006-05-22,12.750000,12.850000,11.750000,11.850000,9.856561,201078687
2006-05-23,11.650000,11.950000,11.250000,11.550000,9.607027,224971700
2006-05-24,11.600000,11.800000,11.400000,11.600000,9.648616,149787343
2006-05-25,11.350000,11.600000,11.200000,11.250000,9.357495,97905500
2006-05-26,11.500000,11.550000,11.050000,11.250000,9.357495,115560156
2006-05-29,11.350000,11.750000,11.300000,11.650000,9.690205,96312000
2006-05-30,11.650000,11.700000,11.400000,11.650000,9.690205,53618727
2006-06-01,11.500000,11.750000,11.250000,11.300000,9.399083,78655000
2006-06-02,11.450000,11.900000,11.200000,11.700000,9.731792,117247648
2006-06-05,11.800000,12.350000,11.700000,12.200000,10.147682,103019971
2006-06-06,11.950000,12.500000,11.900000,12.500000,10.397217,86290388
2006-06-07,12.350000,12.700000,12.250000,12.400000,10.314037,129923965
2006-06-08,12.100000,12.150000,11.350000,11.450000,9.523849,274310558
2006-06-09,11.500000,11.600000,11.250000,11.450000,9.523849,164465850
2006-06-12,11.250000,11.300000,11.050000,11.200000,9.315904,110372152
2006-06-13,10.600000,10.700000,10.300000,10.400000,8.650482,250876280
2006-06-14,10.350000,10.450000,10.100000,10.200000,8.484128,188888501
2006-06-15,10.400000,10.650000,10.250000,10.450000,8.692071,129796500
2006-06-16,11.000000,11.250000,10.900000,11.200000,9.315904,176615823
2006-06-19,10.950000,11.050000,10.900000,10.950000,9.107961,66078950
2006-06-20,10.700000,10.750000,10.400000,10.550000,8.775250,135100827
2006-06-21,10.550000,10.750000,10.500000,10.750000,8.941604,66493733
2006-06-22,11.100000,11.150000,10.800000,10.800000,8.983194,71517089
2006-06-23,10.600000,10.950000,10.550000,10.950000,9.107961,51754000
2006-06-26,11.000000,11.350000,10.950000,11.200000,9.315904,69386773
2006-06-27,11.250000,11.550000,11.200000,11.400000,9.482260,80031900
2006-06-28,11.300000,11.800000,11.250000,11.750000,9.773384,104119091
2006-06-29,12.100000,12.150000,11.850000,11.900000,9.898149,113392576
2006-06-30,12.300000,12.350000,12.100000,12.250000,10.189270,114882882
2006-07-03,12.300000,12.400000,12.150000,12.300000,10.230862,59941007
2006-07-04,12.350000,12.400000,12.100000,12.250000,10.189270,68643700
2006-07-05,12.150000,12.200000,11.950000,12.050000,10.022915,75448966
2006-07-06,11.900000,12.400000,11.850000,12.350000,10.272449,84984223
2006-07-07,12.400000,12.450000,12.250000,12.450000,10.355628,59182024
2006-07-10,12.200000,12.600000,12.200000,12.500000,10.397217,76290983
2006-07-11,12.500000,12.650000,12.400000,12.500000,10.397217,64881906
2006-07-12,12.500000,12.650000,12.450000,12.550000,10.438806,48399271
2006-07-13,12.550000,12.750000,12.250000,12.400000,10.314037,105350743
2006-07-14,12.150000,12.300000,12.000000,12.200000,10.147682,118008300
2006-07-17,12.050000,12.150000,11.950000,12.100000,10.064506,67345200
2006-07-18,12.000000,12.400000,11.950000,12.250000,10.189270,90949820
2006-07-19,12.350000,12.550000,12.350000,12.550000,10.438806,112526235
2006-07-20,13.000000,13.000000,12.750000,12.800000,10.646749,118393913
2006-07-21,12.700000,12.800000,12.550000,12.650000,10.521984,93618200
2006-07-24,12.420000,12.580000,12.380000,12.560000,10.447124,56976000
2006-07-25,12.840000,12.860000,12.580000,12.600000,10.480393,61396266
2006-07-26,12.640000,12.780000,12.560000,12.780000,10.630113,69476645
2006-07-27,12.800000,13.020000,12.780000,13.020000,10.829741,106674500
2006-07-28,13.060000,13.200000,13.020000,13.100000,10.896283,95660963
2006-07-31,13.300000,13.320000,13.020000,13.080000,10.879646,69357402
2006-08-01,13.000000,13.040000,12.880000,12.960000,10.779836,54578350
2006-08-02,12.840000,12.980000,12.800000,12.900000,10.729926,42847300
2006-08-03,12.960000,13.200000,12.920000,13.120000,10.912916,59982342
2006-08-04,13.180000,13.180000,12.960000,13.000000,10.813105,41539672
2006-08-07,13.000000,13.060000,12.860000,13.040000,10.846375,33532162
2006-08-08,13.100000,13.160000,12.960000,13.100000,10.896283,38423672
2006-08-09,13.100000,13.280000,13.040000,13.260000,11.029366,55259590
2006-08-10,13.240000,13.540000,13.200000,13.440000,11.179085,86264523
2006-08-11,13.500000,13.600000,13.340000,13.460000,11.195721,52719170
2006-08-14,13.500000,13.920000,13.460000,13.920000,11.578340,83139688
2006-08-15,13.920000,14.080000,13.820000,13.860000,11.528432,94994444
2006-08-16,14.040000,14.080000,13.920000,13.920000,11.578340,65026034
2006-08-17,13.980000,13.980000,13.640000,13.740000,11.428619,80032950
2006-08-18,13.760000,13.920000,13.660000,13.900000,11.561704,48250159
2006-08-21,13.880000,14.100000,13.620000,13.740000,11.428619,111184818
2006-08-22,13.880000,14.080000,13.840000,14.080000,11.711423,91620520
2006-08-23,14.060000,14.220000,13.980000,14.000000,11.644880,80527858
2006-08-24,13.900000,14.060000,13.760000,13.880000,11.545069,63224000
2006-08-25,13.960000,14.020000,13.580000,13.700000,11.395349,84159720
2006-08-28,13.660000,13.700000,13.460000,13.460000,11.195721,81652200
2006-08-29,13.600000,13.920000,13.500000,13.880000,11.545069,140672040
2006-08-30,13.940000,14.000000,13.780000,13.860000,11.528432,85134300
2006-08-31,13.940000,13.940000,13.780000,13.800000,11.478527,82279428
2006-09-01,13.720000,13.840000,13.700000,13.800000,11.478527,66041750
2006-09-04,13.840000,14.000000,13.720000,13.960000,11.611609,67172435
2006-09-05,14.000000,14.140000,13.900000,14.020000,11.661516,73184832
2006-09-06,14.000000,14.300000,13.960000,14.260000,11.861144,86849756
2006-09-07,14.120000,14.400000,14.120000,14.240000,11.844508,70258037
2006-09-08,14.360000,14.360000,14.220000,14.300000,11.894416,50481900
2006-09-11,14.320000,14.340000,14.100000,14.120000,11.744695,59973839
2006-09-12,14.200000,14.220000,14.000000,14.220000,11.827872,41735556
2006-09-13,14.380000,14.400000,14.240000,14.260000,11.861144,45702754
2006-09-14,14.300000,14.340000,14.160000,14.280000,11.877778,35974236
2006-09-15,14.260000,14.360000,14.200000,14.360000,11.944322,35183184
2006-09-18,14.420000,14.820000,14.400000,14.800000,12.310303,75037378
2006-09-19,14.920000,15.040000,14.820000,15.000000,12.476659,105409344
2006-09-20,14.940000,15.360000,14.900000,15.360000,12.776098,103275909
2006-09-21,15.500000,15.540000,15.340000,15.420000,12.826006,98138170
2006-09-22,15.380000,16.080000,15.280000,16.040001,13.341706,99060474
2006-09-25,15.900000,16.820000,15.900000,16.000000,13.308436,184407693
2006-09-26,15.940000,16.059999,15.000000,15.040000,12.509930,224378118
2006-09-27,15.180000,15.640000,15.140000,15.520000,12.909184,149705874
2006-09-28,15.500000,15.580000,15.280000,15.420000,12.826006,56878712
2006-09-29,15.340000,15.380000,14.940000,15.240000,12.676287,78023969
2006-10-03,15.100000,15.500000,15.100000,15.340000,12.759464,53403961
2006-10-04,15.440000,15.800000,15.380000,15.580000,12.959089,66760849
2006-10-05,15.940000,15.960000,15.680000,15.760000,13.108809,77361971
2006-10-06,15.760000,15.780000,15.480000,15.640000,13.008995,37198777
2006-10-09,15.660000,15.660000,15.500000,15.580000,12.959089,37435231
2006-10-10,15.680000,16.080000,15.600000,15.960000,13.275165,81860200
2006-10-11,15.980000,16.240000,15.920000,16.100000,13.391614,79171922
2006-10-12,16.200001,16.219999,16.000000,16.120001,13.408250,40312027
2006-10-13,16.299999,16.320000,16.100000,16.139999,13.424884,59233478
2006-10-16,16.180000,16.240000,16.020000,16.160000,13.441521,59782311
2006-10-17,16.100000,16.260000,16.000000,16.200001,13.474792,47369235
2006-10-18,16.100000,16.639999,16.059999,16.600000,13.807502,86095179
2006-10-19,16.660000,16.760000,16.520000,16.600000,13.807502,69625374
2006-10-20,16.580000,16.840000,16.559999,16.719999,13.907316,73086247
2006-10-23,16.680000,16.740000,16.340000,16.440001,13.674418,75133739
2006-10-24,16.500000,16.600000,16.400000,16.440001,13.674418,73939882
2006-10-25,16.500000,16.760000,16.379999,16.639999,13.840773,54917741
2006-10-26,16.780001,16.799999,16.580000,16.639999,13.840773,49374904
2006-10-27,16.639999,16.700001,15.960000,16.000000,13.308436,116048537
2006-10-31,15.900000,16.420000,15.700000,16.379999,13.624512,114195233
2006-11-01,16.420000,16.540001,16.379999,16.459999,13.691051,43609505
2006-11-02,16.440001,16.580000,16.320000,16.559999,13.774231,41460158
2006-11-03,16.500000,16.660000,16.480000,16.500000,13.724323,64315186
2006-11-06,16.299999,16.840000,16.200001,16.780001,13.957223,64902517
2006-11-07,17.000000,17.020000,16.639999,16.680000,13.874046,75949182
2006-11-08,16.799999,16.879999,16.620001,16.840000,14.007130,55683482
2006-11-09,16.900000,17.340000,16.860001,17.180000,14.289931,97452107
2006-11-10,17.240000,17.320000,17.020000,17.139999,14.256662,102031492
2006-11-13,17.059999,17.900000,17.059999,17.879999,14.872179,107578935
2006-11-14,18.000000,18.120001,17.559999,17.879999,14.872179,141192617
2006-11-15,18.000000,18.020000,17.780001,17.900000,14.888815,80733369
2006-11-16,18.000000,18.120001,17.940001,18.020000,14.988626,40841500
2006-11-17,18.100000,18.639999,17.920000,18.420000,15.321338,105173102
2006-11-20,18.700001,18.879999,18.440001,18.500000,15.387879,82774605
2006-11-21,18.500000,18.660000,18.320000,18.520000,15.404514,55921130
2006-11-22,18.799999,18.799999,18.559999,18.760000,15.604141,58932925
2006-11-23,18.820000,19.299999,18.780001,19.040001,15.837040,63305799
2006-11-24,18.900000,19.200001,18.860001,18.980000,15.787134,43043528
2006-11-27,19.180000,19.379999,18.900000,19.280001,16.036667,56799094
2006-11-28,19.000000,19.120001,18.219999,18.360001,15.271431,157509438
2006-11-29,18.440001,18.879999,18.440001,18.680000,15.537598,125403485
2006-11-30,19.000000,19.100000,18.740000,18.879999,15.703954,81436709
2006-12-01,18.959999,19.000000,18.799999,18.879999,15.703954,55227022
2006-12-04,18.799999,18.879999,18.500000,18.540001,15.421149,71998745
2006-12-05,18.700001,18.760000,18.480000,18.700001,15.554236,72147773
2006-12-06,18.900000,19.219999,18.660000,19.139999,15.920216,90850311
2006-12-07,19.120001,19.240000,18.799999,18.959999,15.770495,76091343
2006-12-08,18.799999,18.920000,18.559999,18.700001,15.554236,64513026
2006-12-11,18.559999,18.959999,18.559999,18.760000,15.604141,60667640
2006-12-12,19.000000,19.139999,18.820000,19.000000,15.803767,65346723
2006-12-13,18.980000,19.080000,18.600000,18.940001,15.753863,60078003
2006-12-14,19.020000,19.680000,18.980000,19.480000,16.203024,73152735
2006-12-15,19.900000,20.650000,19.780001,20.450001,17.009846,129905197
2006-12-18,21.000000,23.100000,20.700001,22.799999,18.964520,181895470
2006-12-19,22.299999,22.750000,21.200001,22.100000,18.382278,159730987
2006-12-20,22.650000,24.100000,22.650000,23.850000,19.837887,120906777
2006-12-21,24.000000,24.150000,23.299999,23.500000,19.546768,68102060
2006-12-22,23.450001,24.650000,23.100000,24.400000,20.295364,69670780
2006-12-27,27.000000,27.299999,25.600000,27.299999,22.707518,121627108
2006-12-28,26.600000,27.200001,25.700001,27.000000,22.457983,120364703
2006-12-29,27.000000,27.000000,26.299999,26.450001,22.000509,104293974
2007-01-02,26.700001,28.400000,26.549999,28.299999,23.539299,105721799
2007-01-03,28.049999,28.850000,27.750000,28.250000,23.497711,103531841
2007-01-04,28.250000,28.750000,26.250000,27.000000,22.457983,131356200
2007-01-05,25.500000,26.350000,24.600000,26.100000,21.709387,246452211
2007-01-08,25.000000,27.100000,24.950001,26.799999,22.291630,190995586
2007-01-09,28.600000,28.799999,25.350000,25.750000,21.418262,217217541
2007-01-10,24.500000,25.150000,23.799999,23.900000,19.879478,224103082
2007-01-11,24.200001,24.500000,22.500000,23.049999,19.172468,186688094
2007-01-12,23.850000,24.450001,23.299999,24.049999,20.004242,155930102
2007-01-15,24.400000,25.650000,23.850000,25.299999,21.043968,181448263
2007-01-16,25.799999,26.250000,25.049999,25.650000,21.335087,128452772
2007-01-17,25.450001,26.350000,25.000000,25.600000,21.293499,124969716
2007-01-18,25.400000,25.750000,25.049999,25.450001,21.168734,100473246
2007-01-19,25.000000,25.299999,24.400000,24.549999,20.420134,119506494
2007-01-22,24.600000,25.150000,24.049999,24.850000,20.669666,140912728
2007-01-23,24.400000,24.700001,23.750000,24.200001,20.129011,110589608
2007-01-24,24.200001,24.549999,23.650000,23.850000,19.837887,119658097
2007-01-25,23.799999,24.000000,22.799999,23.150000,19.255644,136708008
2007-01-26,22.650000,23.700001,22.250000,23.400000,19.463585,172170267
2007-01-29,23.850000,23.850000,23.299999,23.350000,19.421999,66716892
2007-01-30,23.500000,23.799999,23.200001,23.549999,19.588352,64753514
2007-01-31,23.600000,23.650000,22.549999,22.850000,19.006113,94650854
2007-02-01,22.799999,23.000000,22.200001,22.299999,18.548630,101403722
2007-02-02,22.400000,22.750000,22.000000,22.500000,18.714991,103377325
2007-02-05,22.500000,23.299999,22.299999,22.850000,19.006113,92607908
2007-02-06,22.799999,23.299999,22.650000,22.850000,19.006113,77744485
2007-02-07,23.250000,23.900000,23.100000,23.700001,19.713121,111951006
2007-02-08,23.700001,24.200001,23.400000,24.049999,20.004242,88170229
2007-02-09,24.200001,24.400000,23.799999,23.850000,19.837887,79850605
2007-02-12,23.750000,24.299999,23.700001,23.850000,19.837887,64338752
2007-02-13,23.600000,23.750000,23.150000,23.250000,19.338821,79377923
2007-02-14,23.500000,23.500000,22.900000,23.049999,19.172468,66272981
2007-02-15,23.500000,23.500000,23.049999,23.200001,19.297232,55258042
2007-02-16,23.150000,23.549999,22.950001,23.450001,19.505173,51430194
2007-02-21,23.400000,23.549999,23.049999,23.100000,19.214054,53084148
2007-02-22,23.299999,23.299999,22.900000,22.950001,19.089289,52605930
2007-02-23,22.799999,23.000000,22.650000,22.950001,19.089289,55869242
2007-02-26,22.650000,22.750000,22.500000,22.549999,18.756578,61566819
2007-02-27,22.100000,22.400000,21.549999,21.650000,18.007978,156070652
2007-02-28,20.000000,21.150000,19.879999,21.000000,17.467321,203497296
2007-03-01,20.650000,20.950001,20.049999,20.200001,16.801901,118393689
2007-03-02,20.500000,20.750000,19.860001,20.150000,16.760313,130991164
2007-03-05,19.600000,19.719999,18.420000,19.260000,16.020031,160802200
2007-03-06,19.600000,20.900000,19.600000,20.600000,17.134611,151969447
2007-03-07,20.600000,21.200001,20.500000,20.600000,17.134611,125809104
2007-03-08,20.600000,21.600000,20.600000,21.400000,17.800034,119631537
2007-03-09,21.799999,21.850000,21.350000,21.549999,17.924799,180338658
2007-03-12,21.700001,21.900000,21.400000,21.850000,18.174335,106194477
2007-03-13,21.750000,21.850000,21.200001,21.400000,17.800034,74181925
2007-03-14,20.500000,20.799999,20.250000,20.650000,17.176201,145471709
2007-03-15,21.000000,21.150000,20.750000,20.850000,17.342554,58476919
2007-03-16,20.350000,21.450001,20.350000,21.049999,17.508907,57115605
2007-03-19,21.000000,21.900000,20.900000,21.850000,18.174335,116946348
2007-03-20,22.100000,22.200001,21.850000,21.900000,18.215921,70953527
2007-03-21,22.000000,22.150000,21.700001,22.000000,18.299099,53524197
2007-03-22,22.500000,22.500000,22.100000,22.150000,18.423866,65475538
2007-03-23,22.450001,22.450001,22.150000,22.200001,18.465454,50044620
2007-03-26,22.200001,22.600000,22.100000,22.299999,18.548630,59570802
2007-03-27,22.250000,22.450001,22.200001,22.350000,18.590223,49199632
2007-03-28,22.150000,22.500000,21.700001,22.150000,18.423866,70120349
2007-03-29,22.000000,22.600000,21.950001,22.400000,18.631807,104613223
2007-03-30,22.400000,22.549999,22.250000,22.500000,18.714991,45989616
2007-04-02,22.600000,22.799999,22.299999,22.400000,18.631807,54738233
2007-04-03,22.500000,22.750000,22.450001,22.700001,18.881344,40103242
2007-04-04,23.000000,23.000000,22.650000,22.799999,18.964520,57739402
2007-04-10,23.150000,23.400000,22.950001,23.200001,19.297232,70311192
2007-04-11,23.250000,24.450001,23.200001,24.150000,20.087421,130700837
2007-04-12,24.000000,24.950001,23.900000,24.750000,20.586487,148802239
2007-04-13,25.150000,25.650000,25.000000,25.299999,21.043968,150537562
2007-04-16,25.750000,25.850000,25.500000,25.700001,21.376677,105450876
2007-04-17,25.700001,25.850000,24.549999,25.200001,20.960787,127560490
2007-04-18,25.700001,25.700001,24.750000,25.150000,20.919199,105555638
2007-04-19,24.600000,24.900000,23.750000,24.299999,20.212185,117819380
2007-04-20,24.600000,24.950001,24.549999,24.950001,20.752842,94022517
2007-04-23,25.049999,25.049999,25.049999,25.049999,20.836018,8021000
2007-04-24,24.950001,25.750000,24.549999,25.350000,21.085552,99626237
2007-04-25,25.000000,25.700001,24.799999,25.299999,21.043968,72902868
2007-04-26,25.500000,25.600000,25.150000,25.350000,21.085552,44204970
2007-04-27,24.950001,25.250000,24.650000,24.850000,20.669666,74229540
2007-04-30,24.750000,24.799999,24.100000,24.350000,20.253778,74085806
2007-05-02,24.250000,24.500000,23.900000,24.200001,20.129011,66282696
2007-05-03,24.350000,24.549999,24.150000,24.500000,20.378540,54743097
2007-05-04,24.750000,25.000000,24.450001,24.900000,20.711256,53671233
2007-05-07,25.000000,25.799999,24.900000,25.450001,21.168734,97924620
2007-05-08,25.500000,25.549999,24.850000,24.950001,20.752842,67680684
2007-05-09,24.799999,25.299999,24.750000,25.150000,20.919199,69194623
2007-05-10,25.150000,25.400000,24.799999,25.100000,20.877611,61880702
2007-05-11,24.700001,24.750000,24.500000,24.600000,20.461723,66292526
2007-05-14,26.299999,26.400000,25.500000,26.049999,21.667795,179047009
2007-05-15,26.049999,26.799999,25.799999,26.100000,21.709387,164260405
2007-05-16,26.000000,26.450001,25.900000,26.250000,21.834156,66230642
2007-05-17,26.450001,26.650000,26.049999,26.200001,21.792566,64275117
2007-05-18,25.900000,26.000000,25.600000,25.799999,21.459852,88390144
2007-05-21,25.900000,26.350000,25.850000,25.950001,21.584621,81873223
2007-05-22,26.200001,26.250000,25.450001,25.750000,21.418262,77391450
2007-05-23,25.600000,25.700001,25.350000,25.600000,21.293499,61946897
2007-05-25,24.600000,25.049999,24.600000,24.850000,20.669666,108248734
2007-05-28,25.100000,25.100000,24.549999,24.600000,20.461723,70219739
2007-05-29,24.500000,24.650000,24.400000,24.500000,20.378540,73794953
2007-05-30,24.100000,24.450001,23.299999,23.700001,19.713121,208868717
2007-05-31,23.900000,24.450001,23.750000,24.150000,20.087421,128852042
2007-06-01,24.400000,25.100000,24.200001,24.650000,20.503305,141120616
2007-06-04,24.700001,25.100000,24.450001,24.500000,20.378540,132839912
2007-06-05,24.799999,24.850000,24.150000,24.549999,20.420134,113193429
2007-06-06,24.549999,24.900000,24.500000,24.600000,20.461723,71477713
2007-06-07,24.200001,25.100000,24.200001,24.600000,20.461723,97050765
2007-06-08,24.200001,24.500000,24.150000,24.450001,20.336956,97105397
2007-06-11,24.650000,24.799999,24.600000,24.600000,20.461723,57331978
2007-06-12,24.750000,25.000000,24.450001,24.549999,20.420134,63939904
2007-06-13,24.400000,24.750000,24.400000,24.650000,20.503305,39142409
2007-06-14,24.799999,25.049999,24.650000,24.900000,20.711256,87773434
2007-06-15,25.150000,25.900000,24.950001,25.750000,21.418262,136787356
2007-06-18,26.049999,27.200001,26.049999,26.950001,22.416403,211770022
2007-06-20,27.299999,28.000000,26.700001,26.799999,22.291630,204618760
2007-06-21,27.400000,28.600000,27.000000,28.549999,23.747242,289709017
2007-06-22,28.650000,29.250000,27.950001,28.950001,24.079950,240221060
2007-06-25,28.650000,29.700001,28.500000,28.600000,23.788832,168218247
2007-06-26,28.600000,29.000000,28.100000,28.250000,23.613300,142498779
2007-06-27,28.400000,28.700001,27.549999,28.650000,23.947645,154627630
2007-06-28,28.950001,29.450001,28.799999,29.000000,24.240200,164134256
2007-06-29,29.100000,29.250000,28.049999,28.100000,23.487915,136669694
2007-07-03,28.650000,28.950001,28.450001,28.850000,24.114817,105605392
2007-07-04,29.000000,29.450001,28.650000,28.950001,24.198404,116213642
2007-07-05,29.100000,29.350000,28.400000,28.650000,23.947645,99725681
2007-07-06,28.500000,29.150000,28.250000,28.750000,24.031231,101492782
2007-07-09,28.900000,30.750000,28.850000,30.549999,25.535795,199123850
2007-07-10,30.299999,31.299999,30.250000,30.750000,25.702969,129747121
2007-07-11,30.200001,30.600000,29.900000,30.049999,25.117859,96670771
2007-07-12,30.700001,31.250000,30.400000,30.450001,25.452204,135850047
2007-07-13,31.200001,31.450001,30.799999,31.000000,25.911936,108855541
2007-07-16,31.000000,31.600000,30.700001,30.750000,25.702969,84149498
2007-07-17,30.200001,31.299999,30.200001,30.850000,25.786554,73710583
2007-07-18,30.400000,31.150000,30.400000,30.549999,25.535795,84671903
2007-07-19,30.200001,30.549999,29.750000,30.400000,25.410412,104046319
2007-07-20,30.650000,31.400000,30.600000,31.100000,25.995522,84491094
2007-07-23,30.900000,31.700001,30.700001,31.400000,26.246283,95421322
2007-07-24,31.900000,32.650002,31.900000,32.400002,27.082155,177553280
2007-07-25,31.799999,33.200001,31.650000,32.700001,27.332914,177681686
2007-07-26,33.200001,34.099998,32.799999,33.200001,27.750845,179084643
2007-07-27,31.600000,32.700001,31.600000,32.349998,27.040359,202107782
2007-07-30,32.849998,33.250000,32.500000,33.099998,27.667257,121812122
2007-07-31,33.900002,33.950001,33.400002,33.900002,28.335957,133124928
2007-08-01,33.599998,33.849998,31.299999,32.450001,27.123951,172720710
2007-08-02,32.900002,33.150002,31.200001,32.000000,26.747807,111605538
2007-08-03,32.500000,32.549999,31.450001,32.150002,26.873186,78573710
2007-08-06,31.400000,31.450001,30.750000,30.799999,25.744762,103677966
2007-08-07,31.549999,31.549999,29.900000,30.200001,25.243242,116285057
2007-08-08,31.549999,31.549999,29.900000,30.000000,25.076067,116285
2007-08-09,31.799999,32.150002,31.100000,31.299999,26.162695,111152218
2007-08-10,30.049999,30.250000,29.650000,30.000000,25.076067,125528607
2007-08-13,30.600000,30.650000,29.950001,30.250000,25.285032,101601327
2007-08-14,30.299999,30.950001,30.049999,30.900000,25.828350,92023720
2007-08-15,30.250000,30.549999,29.850000,30.200001,25.243242,161154433
2007-08-16,29.000000,29.100000,28.299999,28.650000,23.947645,233714389
2007-08-17,28.799999,29.000000,25.500000,27.400000,22.902809,317212956
2007-08-20,29.000000,30.400000,28.500000,30.250000,25.285032,256666654
2007-08-21,31.950001,33.200001,30.799999,31.100000,25.995522,280867155
2007-08-22,31.549999,32.700001,31.350000,32.450001,27.123951,142082406
2007-08-23,33.799999,34.000000,32.750000,33.049999,27.625467,166393959
2007-08-24,32.700001,33.700001,32.299999,33.650002,28.126991,116905398
2007-08-27,34.549999,35.250000,34.299999,35.200001,29.422585,195450635
2007-08-28,38.900002,38.900002,36.599998,37.150002,31.052532,312209096
2007-08-29,35.700001,36.700001,34.900002,36.549999,30.551010,224540141
2007-08-30,37.500000,37.700001,36.750000,36.950001,30.885357,131965068
2007-08-31,37.250000,38.150002,36.849998,37.750000,31.554050,128967073
2007-09-03,36.200001,37.400002,36.150002,37.299999,31.177912,79108739
2007-09-04,37.400002,37.700001,37.000000,37.200001,31.094326,65630130
2007-09-05,37.900002,37.900002,36.349998,37.200001,31.094326,73083209
2007-09-06,36.799999,37.400002,36.599998,37.250000,31.136126,73983055
2007-09-07,37.049999,37.349998,36.500000,37.250000,31.136126,98610668
2007-09-10,36.200001,37.200001,36.099998,36.849998,30.801773,85117298
2007-09-11,36.900002,37.250000,36.450001,36.799999,30.759979,60365294
2007-09-12,37.000000,37.200001,36.650002,37.099998,31.010736,51659628
2007-09-13,37.000000,37.250000,36.549999,36.950001,30.885357,61453061
2007-09-14,37.250000,38.500000,37.049999,37.900002,31.679432,148785067
2007-09-17,38.250000,39.049999,38.099998,38.200001,31.930195,109412569
2007-09-18,38.000000,38.450001,37.950001,38.250000,31.971989,94627149
2007-09-19,39.349998,39.799999,39.099998,39.150002,32.724274,180064178
2007-09-20,39.150002,39.549999,38.950001,39.250000,32.807854,102600796
2007-09-21,39.000000,39.500000,38.599998,39.099998,32.682476,101409491
2007-09-24,39.400002,40.549999,38.950001,40.150002,33.560143,139212096
2007-09-25,40.049999,41.799999,40.049999,41.700001,34.855728,142345867
2007-09-27,41.799999,43.650002,41.750000,43.000000,35.942356,198787030
2007-09-28,43.400002,45.150002,43.000000,44.599998,37.279751,145108316
2007-10-02,45.450001,48.750000,45.400002,48.549999,40.581432,182252094
2007-10-03,48.349998,50.099998,45.250000,46.500000,38.867905,255411550
2007-10-04,45.450001,47.250000,44.599998,45.650002,38.157417,161371424
2007-10-05,46.500000,48.549999,46.400002,48.299999,40.372467,146513212
2007-10-08,49.299999,50.250000,48.099998,48.849998,40.832195,159398045
2007-10-09,48.500000,49.250000,47.500000,48.650002,40.665028,131332268
2007-10-10,49.900002,50.150002,48.900002,49.849998,41.668060,98242458
2007-10-11,49.849998,50.900002,49.400002,50.849998,42.503929,129223253
2007-10-12,49.299999,50.000000,48.750000,49.799999,41.626278,131969372
2007-10-15,50.650002,50.700001,49.799999,50.599998,42.294971,94899750
2007-10-16,50.000000,51.799999,49.799999,50.450001,42.169590,144883040
2007-10-17,49.000000,51.500000,49.000000,50.799999,42.462135,128307091
2007-10-18,53.500000,53.799999,51.099998,51.299999,42.880074,166607998
2007-10-22,49.000000,50.750000,48.799999,49.799999,41.626278,143493367
2007-10-23,50.299999,51.799999,50.299999,51.299999,42.880074,135595687
2007-10-24,52.400002,52.900002,51.150002,51.450001,43.005455,121796283
2007-10-25,51.849998,52.500000,50.500000,51.200001,42.796490,119418159
2007-10-26,52.400002,52.500000,51.099998,51.450001,43.005455,103368357
2007-10-29,52.000000,53.049999,51.900002,51.950001,43.423386,127662276
2007-10-30,51.200001,52.200001,51.200001,52.049999,43.506981,143704302
2007-10-31,51.599998,52.049999,51.299999,51.549999,43.089043,92983489
2007-11-01,52.000000,52.549999,51.349998,52.000000,43.465183,94109932
2007-11-02,50.000000,50.650002,49.400002,50.500000,42.211380,145124660
2007-11-05,49.799999,49.799999,47.599998,47.750000,39.912735,107464182
2007-11-06,48.500000,48.599998,46.000000,47.750000,39.912735,113290468
2007-11-07,48.500000,48.599998,46.799999,47.099998,39.369423,91372505
2007-11-08,45.500000,45.900002,44.799999,45.400002,37.948452,133673540
2007-11-09,44.500000,45.549999,43.799999,44.450001,37.154373,111551480
2007-11-12,43.000000,43.150002,42.150002,42.500000,35.524429,121259180
2007-11-13,42.250000,43.349998,41.250000,42.849998,35.816978,146284517
2007-11-14,44.049999,45.799999,44.049999,45.700001,38.199215,142989757
2007-11-15,45.599998,46.250000,44.750000,44.799999,37.446922,124957024
2007-11-16,45.750000,45.750000,42.750000,43.450001,36.318504,137628992
2007-11-19,43.200001,43.750000,42.500000,42.549999,35.566216,56389320
2007-11-20,41.200001,43.799999,40.450001,43.349998,36.234917,140610310
2007-11-21,42.349998,42.849998,40.299999,41.150002,34.396000,139442770
2007-11-22,39.700001,40.900002,38.750000,39.099998,32.682476,182080004
2007-11-23,39.900002,40.500000,38.799999,39.700001,33.183998,108167383
2007-11-26,41.000000,41.400002,40.750000,41.150002,34.396000,104262896
2007-11-27,39.500000,41.200001,39.450001,39.950001,33.392967,121032360
2007-11-28,40.349998,40.549999,39.500000,39.950001,33.392967,91802017
2007-11-29,41.599998,43.200001,41.349998,42.299999,35.357258,160207269
2007-11-30,42.500000,43.349998,42.299999,42.549999,35.566216,86354748
2007-12-03,42.500000,44.650002,42.500000,42.900002,35.858780,105213838
2007-12-04,42.849998,44.049999,42.799999,43.549999,36.402088,66271671
2007-12-05,43.900002,44.599998,43.299999,44.200001,36.945408,86750833
2007-12-06,44.950001,45.599998,44.400002,44.599998,37.279751,85104611
2007-12-07,45.799999,45.799999,43.599998,43.700001,36.527477,74186139
2007-12-10,44.400002,44.400002,43.049999,43.150002,36.067745,69277674
2007-12-11,43.799999,44.099998,43.549999,43.950001,36.736431,60119817
2007-12-12,43.549999,43.549999,42.700001,43.200001,36.109539,79593209
2007-12-13,43.099998,43.299999,40.950001,41.549999,34.730350,114565552
2007-12-14,41.000000,41.400002,40.099998,40.700001,34.019867,80217258
2007-12-17,40.250000,40.400002,38.849998,38.900002,32.515301,95226855
2007-12-18,39.000000,40.200001,38.000000,39.700001,33.183998,92702268
2007-12-19,40.099998,40.500000,39.049999,39.750000,33.225792,73372944
2007-12-20,39.599998,40.200001,39.299999,39.450001,32.975029,48892879
2007-12-21,39.900002,41.200001,39.900002,40.549999,33.894489,68382901
2007-12-24,41.200001,41.900002,41.200001,41.650002,34.813938,42004180
2007-12-27,42.000000,42.150002,40.650002,40.849998,34.145248,59883099
2007-12-28,40.099998,40.799999,39.849998,39.900002,33.351170,65492270
2007-12-31,40.049999,40.799999,40.000000,40.349998,33.727306,41700559
2008-01-02,40.099998,40.750000,39.450001,39.950001,33.392967,50704094
2008-01-03,39.000000,39.400002,38.500000,38.700001,32.348129,71026649
2008-01-04,38.400002,39.700001,38.349998,39.599998,33.100414,53808967
2008-01-07,38.599998,38.700001,38.049999,38.599998,32.264542,75420209
2008-01-08,39.000000,39.450001,38.049999,38.200001,31.930195,70643154
2008-01-09,37.799999,39.500000,37.650002,39.400002,32.933239,74583443
2008-01-10,39.599998,39.950001,38.849998,39.150002,32.724274,64780909
2008-01-11,39.599998,40.099998,38.049999,38.450001,32.139153,93176419
2008-01-14,38.700001,38.950001,37.299999,37.599998,31.428673,80448735
2008-01-15,37.900002,38.200001,36.049999,36.299999,30.342043,105009089
2008-01-16,34.799999,34.950001,32.799999,33.450001,27.959812,185235048
2008-01-17,33.900002,36.700001,32.849998,35.500000,29.673346,192824549
2008-01-18,33.900002,36.400002,33.849998,36.400002,30.425634,187332023
2008-01-21,35.099998,35.700001,32.700001,32.849998,27.458292,187235117
2008-01-22,35.700001,35.700001,27.250000,27.600000,23.069984,374703744
2008-01-23,28.796000,32.200001,28.400000,31.950001,26.706013,303216832
2008-01-24,28.004999,34.400002,28.004999,30.900000,25.828350,225049616
2008-01-25,33.000000,33.900002,32.549999,33.450001,27.959812,189734381
2008-01-28,32.200001,32.500000,30.299999,31.400000,26.246283,192007104
2008-01-29,29.973000,32.450001,29.973000,31.299999,26.162695,114864304
2008-01-30,31.400000,31.600000,28.100000,29.200001,24.407373,213367583
2008-01-31,28.000000,29.100000,27.100000,28.000000,23.404327,183111225
2008-02-01,28.549999,29.700001,27.500000,29.400000,24.574543,197975975
2008-02-04,31.400000,32.349998,31.049999,32.250000,26.956776,194123668
2008-02-05,32.000000,32.200001,31.049999,31.900000,26.664219,91071787
2008-02-06,29.700001,29.700001,28.799999,29.450001,24.616339,146178468
2008-02-11,29.000000,29.200001,28.000000,28.250000,23.613300,99078853
2008-02-12,28.500000,28.850000,28.250000,28.400000,23.738676,70469242
2008-02-13,29.100000,29.500000,28.299999,28.799999,24.073027,99581490
2008-02-14,29.950001,30.450001,29.500000,30.100000,25.159655,127835782
2008-02-15,29.400000,30.950001,29.250000,30.750000,25.702969,93757853
2008-02-18,31.700001,31.750000,30.200001,30.250000,25.285032,84683330
2008-02-19,31.000000,31.549999,30.500000,31.100000,25.995522,80563117
2008-02-20,29.393000,31.350000,29.393000,30.100000,25.159655,103036720
2008-02-21,30.799999,30.900000,29.900000,30.250000,25.285032,74958065
2008-02-22,29.350000,29.950001,29.049999,29.600000,24.741718,99575383
2008-02-25,30.200001,30.200001,29.000000,29.100000,24.323784,68629516
2008-02-26,29.750000,29.850000,29.100000,29.700001,24.825308,78274841
2008-02-27,30.200001,31.850000,30.100000,31.500000,26.329870,180581686
2008-02-28,31.450001,32.099998,31.000000,31.750000,26.538839,100647665
2008-02-29,30.799999,31.700001,30.799999,31.500000,26.329870,93399737
2008-03-03,30.200001,30.799999,29.950001,30.000000,25.076067,105775660
2008-03-04,30.299999,30.650000,28.750000,28.950001,24.198404,136050766
2008-03-05,29.000000,29.350000,28.350000,28.700001,23.989437,109214915
2008-03-06,29.100000,30.000000,28.799999,29.250000,24.449167,86613418
2008-03-07,28.200001,28.850000,28.200001,28.350000,23.696884,93732213
2008-03-10,29.561001,29.561001,27.250000,28.400000,23.738676,127621032
2008-03-11,27.700001,28.549999,27.400000,28.500000,23.822262,117029169
2008-03-12,28.299999,30.150000,28.299999,29.500000,24.658133,139354592
2008-03-13,28.700001,28.950001,27.549999,27.600000,23.069984,120209390
2008-03-14,28.350000,28.700001,27.500000,27.750000,23.195364,105626102
2008-03-17,26.049999,26.600000,25.600000,25.700001,21.481831,153160065
2008-03-18,26.400000,26.450001,24.500000,26.100000,21.816177,235212006
2008-03-19,25.299999,27.549999,25.299999,26.850000,22.443081,155757584
2008-03-20,25.549999,26.200001,25.049999,25.100000,20.980312,156012692
2008-03-25,25.900000,27.650000,25.850000,27.400000,22.902809,160273596
2008-03-26,28.000000,28.700001,27.100000,27.350000,22.861017,155944394
2008-03-27,26.500000,26.700001,25.799999,26.299999,21.983353,231943038
2008-03-28,26.450001,28.000000,26.299999,27.950001,23.362537,191620299
2008-03-31,27.400000,27.750000,26.600000,26.750000,22.359495,124698916
2008-04-01,27.250000,27.650000,26.200001,27.200001,22.735638,131033516
2008-04-02,27.400000,29.299999,27.400000,28.400000,23.738676,164976960
2008-04-03,28.400000,29.799999,28.200001,29.700001,24.825308,149773667
2008-04-07,29.900000,30.900000,29.650000,30.700001,25.661177,149429337
2008-04-08,30.600000,30.799999,29.850000,30.049999,25.117859,88304554
2008-04-09,30.100000,30.250000,28.799999,29.250000,24.449167,107596630
2008-04-10,29.000000,29.799999,28.500000,29.750000,24.867102,84416440
2008-04-11,30.000000,30.500000,29.600000,30.400000,25.410412,97419786
2008-04-14,29.049999,29.350000,28.500000,28.549999,23.864059,98118261
2008-04-15,28.799999,29.150000,28.000000,28.600000,23.905853,89759340
2008-04-16,28.650000,29.049999,28.049999,28.400000,23.738676,90762310
2008-04-17,29.250000,29.400000,28.700001,29.049999,24.281992,81230416
2008-04-18,29.049999,29.450001,28.350000,28.750000,24.031231,75850554
2008-04-21,29.799999,30.200001,29.650000,29.750000,24.867102,106608464
2008-04-22,29.500000,30.549999,29.299999,30.500000,25.494003,125168037
2008-04-23,30.500000,31.650000,29.950001,31.299999,26.162695,187529040
2008-04-24,31.118000,34.099998,31.118000,33.799999,28.252369,298895136
2008-04-25,34.400002,34.700001,33.500000,33.799999,28.252369,220506615
2008-04-28,32.799999,33.299999,32.349998,33.250000,27.792641,171411468
2008-04-29,33.400002,34.200001,33.099998,33.799999,28.252369,112076277
2008-04-30,34.000000,34.400002,33.700001,33.849998,28.294161,106447427
2008-05-02,35.000000,35.400002,34.799999,35.049999,29.297207,123917304
2008-05-05,35.349998,35.599998,35.150002,35.349998,29.547964,87850294
2008-05-06,34.799999,35.400002,34.799999,35.250000,29.464384,55191993
2008-05-07,35.500000,35.549999,33.700001,33.950001,28.377752,117054774
2008-05-08,33.700001,33.700001,32.650002,33.150002,27.709059,104787460
2008-05-09,33.250000,33.400002,32.299999,32.700001,27.332914,87857458
2008-05-13,32.200001,33.450001,32.049999,33.200001,27.750845,99434774
2008-05-14,33.000000,33.150002,32.150002,33.049999,27.625467,75696743
2008-05-15,33.400002,33.500000,32.400002,32.849998,27.458292,60397702
2008-05-16,33.299999,33.299999,32.849998,33.049999,27.625467,49686430
2008-05-19,32.599998,33.299999,32.549999,33.250000,27.792641,45324447
2008-05-20,33.549999,33.700001,32.349998,32.549999,27.207531,71478158
2008-05-21,32.000000,33.299999,31.799999,33.299999,27.834436,69343758
2008-05-22,32.250000,32.549999,31.700001,32.250000,26.956776,75571765
2008-05-23,32.000000,32.400002,31.500000,31.549999,26.371664,49687059
2008-05-26,30.799999,30.950001,30.350000,30.350000,25.368620,68342483
2008-05-27,30.350000,31.200001,30.350000,30.900000,25.828350,58429795
2008-05-28,30.500000,31.299999,30.500000,30.950001,25.870142,47355437
2008-05-29,31.400000,31.450001,30.700001,31.100000,25.995522,38607617
2008-05-30,31.350000,31.650000,30.900000,31.350000,26.204491,52113658
2008-06-02,31.350000,32.599998,31.150000,32.299999,26.998564,61214321
2008-06-03,31.950001,32.099998,31.100000,31.299999,26.162695,73449391
2008-06-04,30.750000,30.950001,30.299999,30.299999,25.671301,70017676
2008-06-05,30.150000,30.799999,30.100000,30.450001,25.798384,40522081
2008-06-06,30.850000,31.200001,30.700001,30.750000,26.052557,50962988
2008-06-10,29.650000,29.850000,29.049999,29.150000,24.696976,81898140
2008-06-11,28.900000,29.650000,28.850000,29.100000,24.654613,57336324
2008-06-12,28.299999,28.500000,28.000000,28.500000,24.146271,110163735
2008-06-13,28.450001,28.600000,27.799999,27.799999,23.553205,54344256
2008-06-16,28.100000,28.850000,28.049999,28.600000,24.230995,60457137
2008-06-17,28.700001,28.950001,28.350000,28.650000,24.273355,57755094
2008-06-18,28.799999,29.600000,28.350000,29.100000,24.654613,95041603
2008-06-19,28.400000,28.850000,28.049999,28.299999,23.976824,67240769
2008-06-20,28.100000,29.549999,28.100000,28.299999,23.976824,70367202
2008-06-23,29.500000,29.500000,27.799999,28.299999,23.976824,69966624
2008-06-24,28.200001,28.350000,27.799999,27.799999,23.553205,54176450
2008-06-25,28.250000,28.750000,28.049999,28.299999,23.976824,49112675
2008-06-26,28.500000,28.700001,27.850000,28.000000,23.722652,55820367
2008-06-27,27.000000,27.549999,26.700001,27.200001,23.044863,107768494
2008-06-30,27.600000,27.600000,27.049999,27.299999,23.129585,60752816
2008-07-02,26.750000,27.049999,25.750000,26.350000,22.324711,125109336
2008-07-03,25.600000,26.200001,25.200001,25.400000,21.519836,108766851
2008-07-04,25.600000,25.900000,25.400000,25.549999,21.646923,50528697
2008-07-07,25.750000,27.000000,25.750000,26.950001,22.833055,101361468
2008-07-08,38.599998,38.599998,25.650000,25.950001,21.985817,102996304
2008-07-09,26.900000,27.850000,26.900000,27.500000,23.299036,138146297
2008-07-10,27.250000,28.500000,27.100000,28.049999,23.765015,113147455
2008-07-11,27.900000,28.700001,27.799999,28.549999,24.188637,86360653
2008-07-14,28.650000,29.100000,28.150000,28.500000,24.146271,63597854
2008-07-15,27.799999,27.799999,26.600000,27.000000,22.875412,97160934
2008-07-16,26.350000,27.100000,26.350000,26.950001,22.833055,61200599
2008-07-17,28.049999,28.400000,28.000000,28.049999,23.765015,108155182
2008-07-18,28.750000,28.799999,28.049999,28.049999,23.765015,96494240
2008-07-21,29.250000,29.650000,29.000000,29.549999,25.035873,117442807
2008-07-22,29.400000,29.950001,29.049999,29.500000,24.993507,85825469
2008-07-23,30.400000,30.500000,30.150000,30.400000,25.756023,96848108
2008-07-24,30.700001,31.250000,30.400000,30.400000,25.756023,103542990
2008-07-25,29.500000,29.850000,29.100000,29.750000,25.205317,80906234
2008-07-28,30.000000,30.250000,29.500000,29.650000,25.120594,47501846
2008-07-29,28.950001,29.049999,28.600000,29.049999,24.612253,56706200
2008-07-30,29.950001,30.049999,29.700001,29.700001,25.162960,68372200
2008-07-31,30.100000,30.100000,29.549999,29.750000,25.205317,51065100
2008-08-01,29.200001,30.350000,28.799999,30.150000,25.544214,80685200
2008-08-04,29.650000,30.200001,29.500000,29.650000,25.120594,61847900
2008-08-05,29.299999,29.400000,28.600000,29.100000,24.654613,56930700
2008-08-06,29.100000,29.100000,29.100000,29.100000,24.654613,0
2008-08-07,29.360001,29.360001,29.360001,29.360001,24.874895,0
2008-08-08,29.000000,29.400000,28.450001,28.650000,24.273355,61028500
2008-08-11,28.650000,29.200001,28.200001,28.350000,24.019186,61390900
2008-08-12,29.155001,29.200001,28.000000,28.000000,23.722652,76224536
2008-08-13,27.379999,27.379999,27.379999,27.379999,23.197365,0
2008-08-14,27.200001,27.700001,26.799999,27.700001,23.468481,68399600
2008-08-15,27.330000,27.330000,27.330000,27.330000,23.155005,0
2008-08-18,27.500000,27.600000,26.650000,26.950001,22.833055,56990218
2008-08-19,26.600000,27.100000,26.500000,26.549999,22.494160,45958181
2008-08-20,26.200001,28.200001,26.200001,27.700001,23.468481,119695150
2008-08-21,27.200001,27.700001,26.650000,27.000000,22.875412,87397575
2008-08-22,null,null,null,null,null,null
2008-08-25,27.200001,28.000000,27.200001,27.850000,23.595572,86120114
2008-08-26,27.350000,28.700001,27.299999,28.450001,24.103912,94225161
2008-08-27,28.650000,30.150000,28.600000,29.850000,25.290043,198904090
2008-08-28,30.150000,30.200001,29.100000,29.450001,24.951147,107835999
2008-08-29,30.200001,30.500000,29.799999,29.850000,25.290043,87209666
2008-09-01,29.000000,29.650000,29.000000,29.250000,24.781700,42721550
2008-09-02,29.549999,29.700001,28.650000,29.700001,25.162960,55562082
2008-09-03,29.750000,29.750000,28.650000,28.950001,24.527531,75009799
2008-09-04,29.000000,29.400000,28.450001,28.850000,24.442808,77600928
2008-09-05,28.250000,28.299999,27.650000,28.299999,23.976824,92953842
2008-09-08,28.000000,29.799999,28.000000,29.500000,24.993507,100108704
2008-09-09,29.000000,29.350000,28.700001,29.000000,24.569893,56723031
2008-09-10,28.549999,29.200001,28.250000,28.750000,24.358080,99469578
2008-09-11,28.500000,28.500000,27.000000,27.700001,23.468481,115212132
2008-09-12,28.000000,28.200001,27.200001,27.400000,23.214310,95273153
2008-09-16,26.000000,27.200001,25.850000,26.450001,22.409437,206330690
2008-09-17,27.299999,27.450001,25.750000,25.900000,21.943455,164850751
2008-09-18,24.700001,26.500000,22.700001,25.500000,21.604561,315245392
2008-09-19,24.191000,28.299999,24.191000,28.000000,23.722652,267889808
2008-09-22,29.400000,29.450001,27.650000,29.250000,24.781700,211117335
2008-09-23,28.750000,28.750000,27.750000,27.750000,23.510847,83981665
2008-09-24,28.000000,29.250000,27.900000,28.600000,24.230995,128433991
2008-09-25,29.200001,30.000000,29.150000,29.299999,24.824062,142882995
2008-09-26,29.400000,29.700001,29.049999,29.350000,24.866423,126193989
2008-09-29,29.299999,29.500000,27.350000,28.000000,23.722652,111797019
2008-09-30,28.187000,28.549999,26.000000,28.549999,24.188637,132291184
2008-10-02,28.299999,29.600000,27.799999,29.500000,24.993507,104955783
2008-10-03,28.950001,29.200001,28.400000,28.549999,24.188637,65142635
2008-10-06,27.500000,28.100000,26.900000,27.500000,23.299036,91826657
2008-10-08,26.500000,26.650000,25.000000,25.200001,21.350389,202528191
2008-10-09,25.400000,26.100000,24.900000,25.750000,21.816370,152588165
2008-10-10,25.483999,25.483999,21.650000,22.400000,18.978123,300630976
2008-10-13,23.100000,27.650000,22.850000,26.000000,22.028179,234119024
2008-10-14,24.742001,27.700001,24.742001,26.500000,22.451796,155735456
2008-10-15,25.450001,26.000000,24.650000,25.299999,21.435112,102211162
2008-10-16,25.455999,25.455999,22.799999,23.950001,20.291340,169102624
2008-10-17,23.900000,24.500000,22.549999,22.549999,19.105209,109033426
2008-10-20,23.000000,24.600000,22.799999,24.200001,20.503149,106438452
2008-10-21,23.000000,24.850000,23.000000,23.299999,19.740637,95624232
2008-10-22,23.000000,23.850000,22.000000,22.299999,18.893396,130513840
2008-10-23,21.049999,21.900000,20.250000,21.400000,18.130886,180991601
2008-10-24,20.799999,20.799999,19.400000,19.400000,16.436411,175066412
2008-10-27,19.000000,19.860001,15.300000,16.700001,14.148869,221150933
2008-10-28,16.719999,19.719999,16.719999,19.020000,16.114458,399703332
2008-10-29,18.500000,20.400000,18.040001,18.980000,16.080572,189476240
2008-10-30,18.823999,21.500000,18.823999,21.299999,18.046160,215573024
2008-10-31,20.850000,20.900000,19.760000,20.350000,17.241285,151656430
2008-11-03,21.350000,21.850000,20.500000,21.000000,17.791990,118836878
2008-11-04,21.000000,21.400000,20.150000,20.750000,17.580183,112532512
2008-11-05,21.750000,22.799999,21.650000,21.650000,18.342691,162358818
2008-11-06,20.500000,20.650000,19.860001,20.000000,16.944754,119045174
2008-11-07,19.299999,21.200001,19.180000,20.650000,17.495459,97551452
2008-11-10,19.591000,22.900000,19.591000,22.500000,19.062847,110804232
2008-11-11,23.450001,23.450001,21.000000,21.200001,17.961437,100368552
2008-11-12,21.350000,22.100000,20.700001,21.250000,18.003799,73125160
2008-11-13,21.457001,21.457001,19.840000,20.650000,17.495459,102432736
2008-11-14,20.386000,22.049999,20.386000,21.850000,18.512146,134052008
2008-11-17,21.700001,22.000000,20.950001,21.450001,18.173248,82682767
2008-11-18,21.100000,21.299999,19.799999,20.000000,16.944754,116855238
2008-11-19,19.799999,20.750000,19.799999,19.920000,16.876976,72282505
2008-11-20,19.920000,19.920000,18.400000,19.000000,16.097515,114300944
2008-11-21,18.200001,19.799999,18.139999,19.639999,16.639748,125862308
2008-11-24,19.280001,19.719999,19.040001,19.219999,16.283911,67088830
2008-11-25,20.100000,20.250000,19.660000,19.799999,16.775309,88760494
2008-11-26,20.049999,20.450001,19.980000,20.400000,17.283648,88191643
2008-11-27,19.980000,21.600000,19.980000,20.500000,17.368368,107338120
2008-11-28,20.200001,20.799999,19.780001,19.940001,16.893917,111375648
2008-12-01,19.840000,20.799999,19.740000,20.450001,17.326012,75145972
2008-12-02,20.450001,20.450001,19.320000,19.600000,16.605858,94460864
2008-12-03,20.000000,20.400000,19.959999,20.150000,17.071840,72787497
2008-12-04,20.850000,21.100000,20.150000,20.400000,17.283648,93925432
2008-12-05,20.850000,21.600000,20.700001,21.600000,18.300335,105022527
2008-12-08,21.025000,23.799999,21.025000,23.799999,20.164257,167371840
2008-12-09,23.200001,24.150000,22.850000,23.100000,19.571190,93505720
2008-12-10,23.500000,24.650000,23.450001,24.400000,20.672598,98456872
2008-12-11,24.600000,25.400000,23.850000,24.600000,20.842049,95515156
2008-12-12,23.950001,24.500000,22.500000,23.049999,19.528828,111186103
2008-12-15,22.700001,24.299999,22.700001,23.500000,19.910084,51668696
2008-12-16,23.799999,24.299999,23.049999,24.299999,20.587873,60385168
2008-12-17,23.826000,25.250000,23.826000,24.799999,21.011492,80639176
2008-12-18,25.000000,25.500000,24.750000,25.500000,21.604561,74573703
2008-12-19,25.000000,25.750000,24.500000,24.500000,20.757324,83021525
2008-12-22,24.600000,24.900000,23.500000,23.500000,19.910084,52134259
2008-12-23,23.350000,23.350000,22.400000,22.600000,19.147572,64093765
2008-12-24,21.799999,23.250000,21.799999,22.750000,19.274654,42928070
2008-12-29,22.299999,23.350000,22.100000,23.150000,19.613550,32850728
2008-12-30,23.600000,23.700001,23.200001,23.400000,19.825359,54172564
2008-12-31,23.900000,24.049999,23.450001,23.549999,19.952446,37633566
2009-01-02,23.600000,24.750000,23.600000,24.750000,20.969130,41638212
2009-01-05,25.250000,25.600000,24.750000,25.600000,21.689283,74942762
2009-01-06,25.750000,25.799999,24.950001,25.549999,21.646923,52863866
2009-01-07,26.000000,26.150000,24.450001,24.450001,20.714960,57219725
2009-01-08,24.100000,24.200001,23.400000,23.650000,20.037169,59320489
2009-01-09,23.650000,24.549999,23.500000,23.600000,19.994808,49662946
2009-01-12,23.299999,23.500000,22.500000,22.750000,19.274654,68501708
2009-01-13,22.450001,22.900000,22.000000,22.000000,18.639229,76356246
2009-01-14,22.400000,23.200001,22.049999,22.549999,19.105209,66750941
2009-01-15,22.705000,22.705000,21.200001,22.000000,18.639229,89322624
2009-01-16,22.200001,22.500000,21.700001,22.200001,18.808678,64100184
2009-01-19,22.750000,22.950001,21.900000,22.400000,18.978123,46180459
2009-01-20,21.799999,22.500000,21.700001,21.950001,18.596865,39508021
2009-01-21,22.002001,22.002001,20.000000,20.299999,17.198925,118363040
2009-01-22,20.500000,20.799999,20.200001,20.200001,17.114201,48478740
2009-01-23,20.000000,20.200001,19.740000,19.900000,16.860031,53820815
2009-01-29,20.000000,21.650000,20.000000,20.750000,17.580183,66606032
2009-01-30,20.549999,21.450001,20.299999,20.799999,17.622540,78321507
2009-02-02,20.799999,20.950001,20.150000,20.400000,17.283648,49593521
2009-02-03,20.900000,21.200001,20.549999,20.850000,17.664904,48806321
2009-02-04,21.500000,21.850000,21.299999,21.799999,18.469776,57774158
2009-02-05,22.100000,23.299999,21.850000,22.650000,19.189932,121347815
2009-02-06,21.850000,23.600000,21.850000,23.549999,19.952446,61867016
2009-02-09,23.799999,23.799999,22.900000,23.500000,19.910084,54272824
2009-02-10,23.549999,24.000000,23.150000,23.799999,20.164257,49793767
2009-02-11,23.299999,23.350000,22.750000,23.299999,19.740637,46842275
2009-02-12,23.000000,23.200001,22.350000,22.600000,19.147572,46930178
2009-02-13,22.700001,23.500000,22.600000,23.450001,19.867722,41143179
2009-02-16,23.400000,23.600000,22.950001,23.450001,19.867722,42536606
2009-02-17,22.549999,22.799999,22.200001,22.200001,18.808678,73584684
2009-02-18,22.000000,22.650000,21.799999,22.450001,19.020483,57162622
2009-02-19,22.200001,22.750000,22.000000,22.650000,19.189932,48942648
2009-02-20,22.049999,22.299999,21.900000,22.049999,18.681589,54304694
2009-02-23,22.200001,23.299999,22.200001,23.200001,19.655914,69046383
2009-02-24,22.400000,22.549999,22.049999,22.450001,19.020483,78433305
2009-02-25,22.750000,23.049999,22.500000,22.799999,19.317017,52268537
2009-02-26,23.000000,23.000000,22.100000,22.350000,18.935760,62189253
2009-02-27,22.350000,22.650000,21.799999,21.799999,18.469776,57337737
2009-03-02,22.400000,22.400000,20.650000,20.700001,17.537819,74665832
2009-03-03,20.700001,21.400000,20.400000,21.000000,17.791990,68463814
2009-03-04,20.700001,22.400000,20.700001,22.000000,18.639229,77157378
2009-03-05,22.400000,22.400000,21.549999,21.799999,18.469776,68298821
2009-03-06,21.500000,21.799999,21.299999,21.299999,18.046160,62439684
2009-03-09,21.500000,21.600000,21.000000,21.049999,17.834352,38906794
2009-03-10,21.000000,21.450001,20.900000,21.400000,18.130886,38704063
2009-03-11,21.247999,22.600000,21.247999,22.200001,18.808678,83422592
2009-03-12,22.400000,22.600000,22.200001,22.600000,19.147572,53729703
2009-03-13,23.350000,23.700001,23.200001,23.700001,20.079533,99737336
2009-03-16,24.000000,25.250000,24.000000,25.250000,21.392748,129788549
2009-03-17,24.799999,25.200001,24.000000,24.000000,20.333704,112867533
2009-03-18,24.600000,24.950001,24.150000,24.450001,20.714960,62204832
2009-03-19,24.799999,25.200001,24.049999,24.950001,21.138578,75812755
2009-03-20,24.799999,24.799999,24.000000,24.400000,20.672598,45479027
2009-03-23,24.850000,25.750000,24.750000,25.650000,21.731646,78538287
2009-03-24,26.150000,26.250000,25.350000,25.799999,21.858730,74206190
2009-03-25,26.000000,26.000000,25.049999,25.350000,21.477474,71520926
2009-03-26,26.100000,26.500000,25.600000,26.450001,22.409437,76539780
2009-03-27,26.799999,26.799999,25.650000,26.150000,22.155258,65574192
2009-03-30,25.350000,25.799999,24.799999,25.000000,21.180943,65037253
2009-03-31,25.299999,25.900000,24.700001,25.700001,21.774008,64762113
2009-04-01,25.750000,26.049999,24.799999,25.500000,21.604561,61054690
2009-04-02,26.200001,27.150000,26.049999,27.000000,22.875412,87249201
2009-04-03,27.000000,27.200001,26.450001,26.799999,22.705969,51992508
2009-04-06,27.549999,28.150000,27.299999,27.650000,23.426119,53910122
2009-04-07,27.600000,27.850000,27.100000,27.350000,23.171947,45692696
2009-04-08,26.799999,27.100000,26.200001,26.600000,22.536520,66383568
2009-04-09,27.100000,28.000000,27.049999,27.900000,23.637932,61941941
2009-04-14,28.400000,28.650000,28.000000,28.250000,23.934464,68818651
2009-04-15,27.600000,28.150000,27.299999,28.049999,23.765015,62164247
2009-04-16,28.400000,28.450001,27.500000,27.950001,23.680290,53599357
2009-04-17,28.200001,28.200001,27.600000,27.950001,23.680290,49952003
2009-04-20,27.450001,28.299999,27.400000,28.200001,23.892099,53395399
2009-04-21,27.400000,28.100000,27.350000,27.750000,23.510847,51724622
2009-04-22,27.750000,28.200001,26.500000,26.549999,22.494160,108952584
2009-04-23,28.200001,28.200001,26.450001,27.400000,23.417168,53472104
2009-04-24,27.549999,27.850000,27.150000,27.500000,23.502636,45878035
2009-04-27,27.200001,27.400000,26.500000,26.600000,22.733456,52927295
2009-04-28,27.000000,27.000000,25.549999,25.850000,22.092478,59522270
2009-04-29,26.200001,26.750000,26.049999,26.650000,22.776188,51852336
2009-04-30,27.450001,27.799999,27.100000,27.350000,23.374439,56217535
2009-05-04,28.000000,28.750000,27.650000,28.700001,24.528206,63980708
2009-05-05,29.100000,29.150000,28.049999,28.549999,24.400011,64002247
2009-05-06,28.350000,29.299999,28.200001,29.000000,24.784595,60348982
2009-05-07,29.500000,29.700001,28.600000,29.250000,24.998259,64959081
2009-05-08,29.200001,29.450001,28.750000,29.000000,24.784595,50714708
2009-05-11,29.000000,29.200001,28.100000,28.350000,24.229080,60470752
2009-05-12,28.100000,28.600000,27.950001,28.250000,24.143616,42620879
2009-05-13,28.400000,28.799999,28.000000,28.100000,24.015419,49589117
2009-05-14,27.600000,27.600000,27.100000,27.299999,23.331705,42800656
2009-05-15,27.299999,27.900000,27.299999,27.549999,23.545366,33561852
2009-05-18,26.850000,27.500000,26.650000,27.450001,23.459904,89230634
2009-05-19,28.150000,28.400000,27.900000,28.049999,23.972689,49275411
2009-05-20,27.950001,28.350000,27.600000,27.900000,23.844492,45028511
2009-05-21,27.549999,27.850000,27.200001,27.400000,23.417168,49559320
2009-05-22,27.200001,27.400000,26.650000,27.049999,23.118046,61011134
2009-05-25,26.799999,27.250000,26.600000,26.850000,22.947119,44054068
2009-05-26,26.700001,27.100000,26.500000,26.549999,22.690729,27972448
2009-05-27,27.250000,27.799999,27.100000,27.750000,23.716297,84099707
2009-05-29,28.000000,28.400000,27.750000,28.250000,24.143616,91527710
2009-06-01,28.850000,30.250000,28.700001,30.100000,25.724705,143917301
2009-06-02,30.100000,30.400000,28.900000,29.250000,24.998259,108832377
2009-06-03,29.500000,30.799999,29.500000,29.799999,25.468309,96924688
2009-06-04,29.250000,30.100000,29.100000,29.850000,25.511038,78531404
2009-06-05,29.950001,30.150000,29.650000,30.000000,25.639238,47660579
2009-06-08,29.799999,30.299999,29.250000,29.400000,25.126453,62736351
2009-06-09,29.700001,29.750000,28.500000,29.100000,24.870062,66539181
2009-06-10,29.549999,30.700001,29.350000,30.549999,26.109289,103640640
2009-06-11,30.049999,30.700001,30.049999,30.400000,25.981091,58413681
2009-06-12,30.500000,31.350000,29.850000,30.150000,25.767433,89092523
2009-06-15,29.799999,30.100000,29.100000,29.350000,25.083721,66953935
2009-06-16,28.700001,29.200001,28.400000,28.850000,24.656401,63040510
2009-06-17,28.450001,29.200001,28.200001,28.700001,24.528206,76121195
2009-06-18,28.500000,28.799999,28.150000,28.299999,24.186346,57395016
2009-06-19,28.500000,28.650000,28.000000,28.150000,24.058153,46462361
2009-06-22,28.250000,29.049999,28.150000,28.250000,24.143616,55240514
2009-06-23,27.500000,27.750000,27.150000,27.549999,23.545366,56374700
2009-06-24,27.600000,28.000000,27.350000,27.950001,23.887224,43716288
2009-06-25,28.150000,28.700001,28.049999,28.450001,24.314547,40530812
2009-06-26,28.700001,29.250000,28.549999,29.049999,24.827330,49086031
2009-06-29,28.799999,29.100000,28.549999,28.750000,24.570934,29289756
2009-06-30,29.150000,29.200001,28.299999,28.500000,24.357275,48966367
2009-07-02,29.049999,29.549999,28.450001,28.600000,24.442739,78607790
2009-07-03,28.299999,29.250000,28.100000,29.100000,24.870062,62447433
2009-07-06,29.299999,29.750000,29.000000,29.200001,24.955526,69279569
2009-07-07,29.400000,29.600000,28.799999,28.900000,24.699131,47625158
2009-07-08,28.500000,29.250000,28.450001,29.000000,24.784595,61372056
2009-07-09,29.350000,30.549999,29.049999,30.500000,26.066563,143168925
2009-07-10,30.850000,31.250000,30.600000,30.700001,26.237488,123401380
2009-07-13,30.450001,30.450001,29.549999,29.650000,25.340115,62249567
2009-07-14,30.299999,30.799999,30.299999,30.549999,26.109289,56713344
2009-07-15,30.850000,31.000000,30.500000,30.650000,26.194754,66385600
2009-07-16,31.150000,31.299999,30.500000,30.600000,26.152023,57146937
2009-07-17,31.000000,31.250000,30.650000,30.799999,26.322954,68045574
2009-07-20,31.100000,32.799999,31.000000,32.799999,28.032230,105990759
2009-07-21,33.200001,33.799999,32.950001,33.400002,28.545017,107852408
2009-07-22,33.750000,34.299999,33.049999,33.150002,28.331360,72505032
2009-07-23,33.700001,34.900002,33.500000,34.799999,29.741518,84244165
2009-07-24,35.200001,35.200001,34.049999,34.849998,29.784254,86943738
2009-07-27,35.250000,35.450001,34.799999,34.900002,29.826977,61527327
2009-07-28,34.900002,35.349998,34.650002,35.250000,30.126108,53035874
2009-07-29,35.000000,35.150002,33.500000,34.250000,29.271465,65437943
2009-07-30,34.299999,34.650002,33.349998,33.950001,29.015074,69884508
2009-07-31,34.599998,34.650002,33.950001,34.349998,29.356926,37132498
2009-08-03,34.349998,35.200001,34.049999,35.150002,30.040638,48479991
2009-08-04,35.500000,35.500000,34.099998,34.400002,29.399662,55386932
2009-08-05,34.349998,35.099998,33.799999,34.250000,29.271465,43000528
2009-08-06,34.250000,34.750000,33.950001,34.599998,29.570589,55555104
2009-08-07,33.900002,34.250000,33.450001,33.500000,28.630484,49751605
2009-08-10,34.000000,34.349998,33.849998,34.000000,29.057802,44911862
2009-08-11,33.650002,34.150002,33.599998,34.049999,29.100533,38968626
2009-08-12,33.500000,33.549999,33.150002,33.450001,28.587753,72865682
2009-08-13,33.900002,34.400002,33.849998,34.150002,29.186003,41393817
2009-08-14,34.099998,34.400002,33.299999,33.599998,28.715946,49497046
2009-08-17,32.849998,32.950001,31.900000,32.150002,27.476721,71304270
2009-08-18,32.250000,32.500000,31.500000,32.349998,27.647646,58810235
2009-08-19,32.000000,32.650002,31.500000,32.049999,27.391253,52347337
2009-08-20,32.349998,33.250000,32.349998,32.799999,28.032230,42648815
2009-08-21,32.900002,33.049999,31.950001,32.549999,27.818573,34627195
2009-08-24,33.349998,33.349998,32.750000,33.049999,28.245893,44013105
2009-08-25,32.700001,33.299999,32.400002,33.250000,28.416822,48026089
2009-08-26,33.450001,34.450001,33.349998,34.299999,29.314196,99395496
2009-08-27,34.000000,34.250000,33.700001,33.950001,29.015074,55576588
2009-08-28,34.150002,34.150002,33.049999,33.250000,28.416822,69445159
2009-08-31,32.450001,32.799999,32.099998,32.700001,27.946770,61688247
2009-09-01,33.349998,33.349998,32.000000,32.400002,27.690378,64511031
2009-09-02,31.799999,32.650002,31.799999,32.450001,27.733112,59312921
2009-09-03,32.650002,33.599998,32.599998,33.349998,28.502289,64361761
2009-09-04,33.299999,34.200001,33.200001,33.799999,28.886875,70575513
2009-09-07,34.299999,34.549999,34.049999,34.200001,29.228731,44126371
2009-09-08,34.299999,35.000000,34.250000,35.000000,29.912443,60477920
2009-09-09,35.000000,35.099998,34.400002,34.549999,29.527853,42423570
2009-09-10,35.099998,35.500000,34.599998,34.700001,29.656052,57424201
2009-09-11,34.750000,35.400002,34.500000,34.849998,29.784254,42723391
2009-09-14,34.500000,34.700001,34.200001,34.299999,29.314196,34970159
2009-09-15,34.349998,34.900002,34.099998,34.200001,29.228731,21047653
2009-09-16,34.700001,35.000000,34.200001,35.000000,29.912443,43331518
2009-09-17,35.400002,36.500000,35.150002,36.099998,30.852547,89994140
2009-09-18,36.000000,36.349998,35.799999,36.099998,30.852547,64048184
2009-09-21,35.900002,36.299999,35.349998,35.450001,30.297033,39066881
2009-09-22,35.900002,36.150002,35.549999,36.150002,30.895285,42955757
2009-09-23,36.000000,36.150002,35.299999,35.599998,30.425230,39177480
2009-09-24,35.299999,35.349998,34.299999,34.450001,29.442392,60156019
2009-09-25,34.200001,34.849998,33.950001,34.599998,29.570589,37243793
2009-09-28,34.099998,34.250000,33.400002,33.500000,28.630484,47560329
2009-09-29,34.000000,34.349998,34.000000,34.099998,29.143265,29364935
2009-09-30,33.849998,34.250000,33.700001,33.750000,28.844145,26504153
2009-10-02,32.799999,33.000000,32.599998,32.849998,28.074966,42022468
2009-10-05,32.849998,33.200001,32.650002,33.049999,28.245893,24392028
2009-10-06,33.099998,34.299999,33.049999,34.200001,29.228731,34892259
2009-10-07,34.650002,35.200001,34.500000,35.000000,29.912443,41851546
2009-10-08,35.200001,35.599998,34.900002,35.450001,30.297033,37363348
2009-10-09,35.400002,35.700001,35.250000,35.450001,30.297033,28969952
2009-10-12,35.799999,35.799999,34.750000,34.849998,29.784254,20394643
2009-10-13,35.099998,35.700001,35.000000,35.250000,30.126108,34686890
2009-10-14,35.500000,36.099998,35.400002,35.950001,30.724354,39145472
2009-10-15,36.500000,36.650002,35.500000,35.599998,30.425230,50401797
2009-10-16,36.099998,36.099998,35.400002,35.750000,30.553425,40853210
2009-10-19,35.750000,36.450001,35.750000,36.400002,31.108940,24658199
2009-10-20,36.450001,36.650002,36.200001,36.349998,31.066208,31011246
2009-10-21,36.200001,36.500000,36.000000,36.400002,31.108940,18898049
2009-10-22,36.150002,36.299999,35.400002,35.700001,30.510695,46373123
2009-10-23,36.000000,37.900002,35.950001,37.750000,32.262711,69883534
2009-10-27,37.200001,38.650002,37.099998,37.950001,32.433636,79747522
2009-10-28,37.650002,38.150002,36.849998,37.000000,31.621727,48529115
2009-10-29,36.200001,36.400002,35.849998,36.250000,30.980749,57694997
2009-10-30,37.049999,37.500000,36.250000,36.549999,31.237135,46326918
2009-11-02,35.650002,37.250000,35.500000,37.099998,31.707186,53295327
2009-11-03,37.250000,37.299999,36.000000,36.099998,30.852547,42330761
2009-11-04,36.599998,37.250000,36.349998,37.200001,31.792656,34109022
2009-11-05,36.750000,37.200001,36.400002,36.700001,31.365334,37269364
2009-11-06,37.500000,37.700001,37.250000,37.450001,32.006313,29528364
2009-11-09,37.950001,38.500000,37.700001,38.400002,32.818230,32224661
2009-11-10,39.450001,39.450001,38.150002,38.450001,32.860954,42740716
2009-11-11,38.700001,39.150002,38.549999,38.950001,33.288284,29934908
2009-11-12,39.200001,39.250000,38.200001,38.349998,32.775490,29011676
2009-11-13,38.000000,38.950001,38.000000,38.700001,33.074619,28209525
2009-11-16,39.299999,39.400002,38.900002,39.099998,33.416470,33294195
2009-11-17,38.799999,38.849998,38.299999,38.799999,33.160080,39100791
2009-11-18,39.200001,39.400002,38.450001,39.049999,33.373737,46085789
2009-11-19,39.000000,39.150002,38.450001,38.549999,32.946419,36755554
2009-11-20,38.049999,38.900002,38.000000,38.450001,32.860954,34549562
2009-11-23,38.450001,39.450001,38.450001,39.400002,33.672867,29164220
2009-11-24,39.400002,39.650002,38.700001,38.950001,33.288284,39122111
2009-11-25,39.500000,40.799999,39.000000,40.700001,34.783901,81725278
2009-11-26,40.799999,40.900002,39.500000,39.950001,34.142918,61562148
2009-11-27,39.000000,39.200001,37.299999,37.599998,32.134514,109486504
2009-11-30,38.799999,39.299999,38.700001,38.799999,33.160080,56046516
2009-12-01,38.700001,39.200001,38.200001,39.049999,33.373737,67387942
2009-12-02,39.650002,39.700001,38.900002,39.049999,33.373737,45374054
2009-12-03,39.500000,40.150002,39.150002,39.950001,34.142918,49001185
2009-12-04,39.799999,41.150002,39.450001,41.000000,35.040291,72404400
2009-12-07,41.000000,41.450001,40.799999,41.000000,35.040291,39719807
2009-12-08,41.349998,41.349998,40.200001,40.299999,34.442043,41141365
2009-12-09,40.000000,40.450001,39.099998,39.500000,33.758327,51124484
2009-12-10,40.099998,40.150002,39.099998,39.650002,33.886528,51184146
2009-12-11,39.799999,40.400002,39.500000,39.599998,33.843800,36635275
2009-12-14,39.049999,40.200001,38.250000,39.700001,33.929253,54840147
2009-12-15,39.500000,39.500000,38.750000,38.900002,33.245544,33885539
2009-12-16,39.299999,39.400002,38.549999,38.750000,33.117352,46221845
2009-12-17,38.700001,38.900002,37.900002,38.150002,32.604565,40667086
2009-12-18,38.049999,38.250000,37.549999,37.799999,32.305435,45053545
2009-12-21,37.799999,37.849998,36.250000,36.299999,31.023481,85455262
2009-12-22,36.900002,37.200001,36.549999,36.849998,31.493530,34170367
2009-12-23,36.849998,37.549999,36.799999,37.450001,32.006313,30802064
2009-12-24,37.299999,37.950001,37.299999,37.650002,32.177246,21845548
2009-12-28,37.900002,38.500000,37.549999,37.750000,32.262711,28086015
2009-12-29,37.849998,38.049999,37.500000,37.849998,32.348175,21609767
2009-12-30,37.500000,37.950001,37.299999,37.700001,32.219975,48054532
2009-12-31,37.950001,38.450001,37.650002,38.349998,32.775490,28517326
2010-01-04,38.250000,38.650002,37.750000,38.099998,32.561829,28528384
2010-01-05,38.650002,39.200001,38.200001,39.099998,33.416470,41873879
2010-01-06,39.200001,39.599998,38.799999,39.349998,33.630131,42712432
2010-01-07,39.049999,39.099998,38.299999,38.500000,32.903690,47957824
2010-01-08,38.599998,38.849998,38.150002,38.349998,32.775490,38687678
2010-01-11,39.000000,39.250000,37.900002,38.150002,32.604565,45849450
2010-01-12,37.849998,38.799999,37.700001,38.150002,32.604565,40808288
2010-01-13,37.549999,37.900002,37.049999,37.150002,31.749926,64462181
2010-01-14,37.200001,37.599998,36.849998,36.900002,31.536263,51437833
2010-01-15,36.900002,36.500000,36.750000,37.250000,31.835396,81441120
2010-01-18,36.400002,37.000000,36.099998,36.700001,31.365334,30664676
2010-01-19,36.299999,37.049999,36.299999,37.049999,31.664457,29559454
2010-01-20,37.099998,37.099998,36.200001,36.500000,31.194405,39386238
2010-01-21,36.250000,36.849998,35.849998,35.950001,30.724354,47631058
2010-01-22,35.299999,35.900002,34.750000,35.750000,30.553425,74399900
2010-01-25,35.099998,35.400002,35.000000,35.250000,30.126108,52057536
2010-01-26,35.000000,35.200001,33.700001,33.849998,28.929605,79040541
2010-01-27,33.900002,34.250000,33.500000,33.849998,28.929605,57638897
2010-01-28,34.099998,34.599998,33.900002,34.150002,29.186003,39627901
2010-01-29,33.599998,34.900002,33.599998,34.650002,29.613321,72175870
2010-02-01,34.200001,34.849998,33.900002,34.799999,29.741518,49332525
2010-02-02,35.000000,35.250000,34.099998,34.299999,29.314196,44856725
2010-02-03,34.750000,35.049999,34.000000,34.750000,29.698782,60102513
2010-02-04,34.250000,34.450001,34.000000,34.150002,29.186003,47069810
2010-02-05,33.000000,33.599998,33.000000,33.049999,28.245893,61676027
2010-02-08,32.849998,33.150002,32.400002,32.599998,27.861301,47945551
2010-02-09,32.400002,33.150002,32.250000,32.799999,28.032230,42520800
2010-02-10,32.950001,33.599998,32.799999,33.299999,28.459555,39668479
2010-02-11,33.750000,34.200001,33.700001,34.049999,29.100533,36702405
2010-02-12,34.250000,34.750000,34.000000,34.250000,29.271465,41160888
2010-02-17,34.799999,35.000000,34.400002,34.700001,29.656052,28002617
2010-02-18,34.650002,34.950001,34.400002,34.650002,29.613321,22429308
2010-02-19,34.400002,34.400002,33.650002,33.799999,28.886875,33838530
2010-02-22,34.700001,34.950001,34.500000,34.700001,29.656052,30444189
2010-02-23,34.049999,35.099998,33.700001,34.849998,29.784254,57556350
2010-02-24,34.400002,35.000000,34.299999,34.650002,29.613321,40953069
2010-02-25,34.299999,34.950001,34.200001,34.599998,29.570589,43863052
2010-02-26,35.000000,35.000000,34.349998,34.450001,29.442392,26002415
2010-03-01,35.000000,35.250000,34.799999,35.099998,29.997904,54832396
2010-03-02,35.400002,35.400002,34.900002,35.200001,30.083370,32166198
2010-03-03,35.500000,35.500000,34.900002,35.099998,29.997904,27716597
2010-03-04,35.400002,35.400002,34.450001,34.549999,29.527853,31635505
2010-03-05,34.700001,34.750000,34.000000,34.349998,29.356926,59591187
2010-03-08,34.900002,35.250000,34.750000,35.200001,30.083370,42441744
2010-03-09,35.700001,36.700001,35.450001,36.250000,30.980749,85235494
2010-03-10,36.500000,36.799999,36.250000,36.549999,31.237135,41978368
2010-03-11,36.700001,36.799999,36.000000,36.450001,31.151678,31849284
2010-03-12,36.500000,36.549999,36.200001,36.450001,31.151678,16847826
2010-03-15,36.000000,36.299999,35.799999,36.099998,30.852547,21968457
2010-03-16,36.299999,36.450001,35.950001,36.150002,30.895285,19206487
2010-03-17,36.500000,37.349998,36.349998,37.250000,31.835396,51309138
2010-03-18,37.400002,37.400002,36.849998,37.000000,31.621727,34836345
2010-03-19,37.450001,37.450001,36.599998,36.950001,31.578997,30606291
2010-03-22,36.250000,36.349998,35.500000,36.099998,30.852547,41142012
2010-03-23,36.400002,36.650002,35.750000,35.950001,30.724354,27481464
2010-03-24,36.400002,36.400002,35.700001,35.799999,30.596163,22407500
2010-03-25,35.400002,35.700001,35.150002,35.549999,30.382498,33448455
2010-03-26,35.200001,36.400002,35.200001,36.150002,30.895285,30106489
2010-03-29,36.450001,37.099998,36.450001,36.900002,31.536263,33074322
2010-03-30,37.200001,37.400002,36.849998,37.150002,31.749926,42781072
2010-03-31,37.150002,37.650002,37.000000,37.200001,31.792656,37695477
2010-04-01,37.500000,38.000000,37.500000,38.000000,32.476368,42072478
2010-04-07,38.650002,38.650002,38.099998,38.200001,32.647305,47792996
2010-04-08,38.099998,38.099998,37.549999,37.750000,32.262711,38697190
2010-04-09,37.950001,38.250000,37.799999,38.099998,32.561829,42194241
2010-04-12,38.450001,38.450001,37.849998,38.000000,32.476368,37171811
2010-04-13,38.000000,38.349998,37.700001,38.049999,32.519100,40302539
2010-04-14,38.200001,38.200001,37.750000,37.900002,32.390903,32184005
2010-04-15,38.150002,38.250000,37.549999,37.750000,32.262711,37412063
2010-04-16,37.299999,37.750000,37.250000,37.650002,32.177246,42307589
2010-04-19,37.150002,37.250000,36.349998,36.700001,31.365334,50393668
2010-04-20,36.700001,37.049999,36.700001,37.000000,31.621727,27087151
2010-04-21,36.950001,37.099998,36.400002,36.450001,31.151678,43620963
2010-04-22,36.049999,36.750000,35.950001,36.700001,31.365334,30091101
2010-04-23,36.450001,36.700001,36.150002,36.349998,31.066208,28646592
2010-04-26,36.700001,36.950001,36.650002,36.849998,31.493530,22102639
2010-04-27,36.299999,36.500000,36.000000,36.049999,30.809818,38140044
2010-04-28,35.349998,36.049999,35.299999,35.849998,30.638887,44585313
2010-04-29,35.700001,36.200001,35.400002,35.500000,30.339764,51325128
2010-04-30,35.049999,35.849998,35.000000,35.750000,31.168005,40122833
2010-05-03,35.200001,35.450001,35.000000,35.099998,30.601313,25532872
2010-05-04,35.200001,35.450001,34.750000,34.799999,30.339764,40235347
2010-05-05,34.049999,34.500000,33.799999,34.099998,29.729477,58826897
2010-05-06,33.799999,34.349998,33.650002,34.049999,29.685886,64464262
2010-05-07,33.500000,34.150002,33.450001,33.900002,29.555115,50561569
2010-05-10,34.849998,34.849998,34.500000,34.750000,30.296173,34792412
2010-05-11,33.549999,34.750000,33.450001,34.049999,29.685886,60701804
2010-05-12,34.450001,34.450001,34.119999,34.250000,29.860256,34257053
2010-05-13,33.049999,35.349998,33.049999,34.950001,30.470541,45242236
2010-05-14,34.400002,34.700001,34.150002,34.299999,29.903851,43570187
2010-05-17,33.500000,33.849998,33.299999,33.549999,29.249973,55005011
2010-05-18,33.700001,34.500000,33.500000,34.299999,29.903851,37455681
2010-05-19,34.405998,34.450001,33.500000,33.599998,29.293564,37374771
2010-05-20,33.799999,34.099998,33.000000,33.599998,29.293564,54729644
2010-05-24,34.200001,34.200001,33.930000,33.950001,29.598711,55192994
2010-05-25,32.919998,32.919998,32.450001,32.549999,28.378139,75470285
2010-05-26,33.049999,33.099998,32.599998,32.900002,28.683285,54769010
2010-05-27,32.500000,33.849998,32.450001,33.400002,29.119200,47370467
2010-05-28,34.200001,34.400002,33.849998,34.250000,29.860256,45711918
2010-05-31,34.150002,34.650002,33.900002,34.299999,29.903851,25944159
2010-06-01,33.900002,34.349998,33.450001,33.549999,29.249973,22844148
2010-06-02,33.799999,33.900002,33.250000,33.349998,29.075609,31490756
2010-06-03,34.150002,34.349998,33.799999,34.000000,29.642300,36596618
2010-06-04,33.799999,34.349998,33.549999,34.250000,29.860256,36591223
2010-06-07,33.200001,33.549999,33.150002,33.500000,29.206385,33326821
2010-06-08,33.450001,33.549999,33.150002,33.349998,29.075609,20205045
2010-06-09,33.299999,34.299999,33.299999,33.900002,29.555115,39362051
2010-06-10,33.799999,34.150002,33.599998,33.700001,29.380749,14903762
2010-06-11,34.650002,34.650002,34.150002,34.200001,29.816664,28421065
2010-06-14,34.700001,34.799999,34.450001,34.500000,30.078215,23952434
2010-06-15,34.599998,34.799999,34.349998,34.599998,30.165400,19648268
2010-06-17,34.950001,34.950001,34.650002,34.849998,30.383354,27482883
2010-06-18,34.950001,35.200001,34.599998,35.000000,30.514128,29007748
2010-06-21,35.599998,36.299999,35.500000,35.700001,31.124414,88389229
2010-06-22,35.599998,36.099998,35.599998,35.900002,31.298777,28423948
2010-06-23,35.500000,36.000000,35.500000,35.900002,31.298777,29122739
2010-06-24,35.650002,36.049999,35.400002,35.500000,30.950054,30254107
2010-06-25,35.349998,35.549999,35.099998,35.500000,30.950054,28519397
2010-06-28,35.500000,35.900002,35.400002,35.549999,30.993639,29047330
2010-06-29,35.549999,35.750000,34.500000,34.549999,30.121803,35803692
2010-06-30,34.000000,34.750000,34.000000,34.650002,30.208990,32141974
2010-07-02,34.200001,34.950001,33.950001,34.250000,29.860256,36962025
2010-07-05,33.900002,34.450001,33.799999,33.900002,29.555115,27629432
2010-07-06,33.750000,34.599998,33.700001,34.549999,30.121803,36650054
2010-07-07,34.349998,34.349998,33.900002,34.049999,29.685886,25488125
2010-07-08,34.799999,34.849998,34.200001,34.400002,29.991035,27687865
2010-07-09,34.650002,35.750000,34.549999,35.250000,30.732090,45568963
2010-07-12,34.349998,34.450001,33.700001,33.950001,29.598711,108329983
2010-07-13,33.799999,33.950001,33.500000,33.700001,29.380749,56070536
2010-07-14,34.049999,34.150002,33.400002,33.500000,29.206385,58004936
2010-07-15,33.299999,33.849998,33.000000,33.049999,28.814058,50815839
2010-07-16,33.250000,33.500000,33.099998,33.400002,29.119200,32383337
2010-07-19,33.000000,33.299999,33.000000,33.150002,28.901245,27479350
2010-07-20,33.150002,33.900002,33.049999,33.650002,29.337160,35458752
2010-07-21,33.799999,34.049999,33.599998,34.049999,29.685886,33595201
2010-07-22,33.950001,34.250000,33.799999,34.200001,29.816664,21173147
2010-07-23,34.650002,34.650002,34.299999,34.500000,30.078215,32867200
2010-07-26,34.700001,34.799999,34.400002,34.549999,30.121803,24790300
2010-07-27,34.570000,34.570000,34.570000,34.570000,30.139244,0
2010-07-28,34.730000,34.730000,34.730000,34.730000,30.278736,0
2010-07-29,34.820000,34.820000,34.820000,34.820000,30.357206,0
2010-07-30,34.599998,34.599998,34.250000,34.450001,30.034622,23233200
2010-08-02,35.009998,35.009998,35.009998,35.009998,30.522844,0
2010-08-03,34.959999,34.959999,34.959999,34.959999,30.479258,0
2010-08-04,34.750000,35.000000,34.549999,34.750000,30.296173,29038400
2010-08-05,34.849998,35.000000,34.650002,34.849998,30.383354,19313700
2010-08-06,34.950001,34.950001,34.549999,34.650002,30.208990,31457300
2010-08-09,34.759998,34.759998,34.759998,34.759998,30.304890,0
2010-08-10,34.330002,34.330002,34.330002,34.330002,29.930000,0
2010-08-11,34.099998,34.549999,33.700001,33.849998,29.511520,27253600
2010-08-12,33.380001,33.380001,33.380001,33.380001,29.101765,0
2010-08-13,33.400002,33.650002,33.250000,33.500000,29.206385,28641000
2010-08-16,33.759998,33.759998,33.759998,33.759998,29.433058,0
2010-08-17,33.700001,34.000000,33.700001,33.750000,29.424343,18706900
2010-08-18,33.470001,33.470001,33.470001,33.470001,29.180233,0
2010-08-19,33.680000,33.680000,33.680000,33.680000,29.363312,0
2010-08-20,33.400002,33.700001,33.200001,33.299999,29.032015,46640900
2010-08-23,33.189999,33.189999,33.189999,33.189999,28.936115,0
2010-08-24,33.099998,33.099998,33.099998,33.099998,28.857647,0
2010-08-25,32.700001,32.849998,32.400002,32.799999,28.596098,36821100
2010-08-26,30.900000,31.900000,30.600000,30.650000,26.721663,148380614
2010-08-27,30.200001,30.400000,29.799999,30.100000,26.242155,112159491
2010-08-30,30.500000,30.549999,29.350000,29.750000,25.937010,74530233
2010-08-31,29.450001,30.200001,29.350000,29.700001,25.893421,63924390
2010-09-01,29.799999,30.250000,29.799999,29.900000,26.067783,43273570
2010-09-02,30.200001,30.549999,30.100000,30.299999,26.416519,56731574
2010-09-03,30.250000,30.450001,29.698999,30.299999,26.416519,96489423
2010-09-06,30.600000,30.900000,30.500000,30.850000,26.896027,64463150
2010-09-07,30.850000,30.900000,30.450001,30.650000,26.721663,36090272
2010-09-08,30.576000,30.576000,30.000000,30.150000,26.285744,41326237
2010-09-09,30.150000,30.400000,29.750000,29.950001,26.111376,44070152
2010-09-10,30.299999,30.299999,29.600000,29.799999,25.980602,46428313
2010-09-13,30.100000,31.299999,30.049999,30.850000,26.896027,92167086
2010-09-14,31.100000,31.299999,30.650000,30.950001,26.983210,42875372
2010-09-15,30.799999,31.049999,30.600000,30.950001,26.983210,37287308
2010-09-16,30.750000,30.850000,30.250000,30.799999,26.852436,30786052
2010-09-17,30.750000,31.000000,30.600000,30.900000,26.939615,38762594
2010-09-20,30.850000,31.150000,30.750000,31.049999,27.070395,20813108
2010-09-21,31.200001,31.450001,31.200001,31.400000,27.375532,47106497
2010-09-22,31.600000,31.750000,31.350000,31.500000,27.462719,39332440
2010-09-24,31.250000,31.500000,31.150000,31.450001,27.419128,36255878
2010-09-27,31.549999,31.700001,31.200001,31.200001,27.201168,51301287
2010-09-28,31.200001,31.250000,30.549999,30.700001,26.765251,50752753
2010-09-29,31.200001,31.299999,30.950001,31.049999,27.070395,50769731
2010-09-30,30.850000,30.850000,30.600000,30.650000,26.721663,61366922
2010-10-04,30.950001,31.350000,30.650000,31.100000,27.113985,60264280
2010-10-05,30.950001,33.299999,30.950001,33.250000,28.988424,185947209
2010-10-06,33.549999,33.950001,32.799999,32.950001,28.726873,117533751
2010-10-07,32.950001,33.299999,32.750000,32.950001,28.726873,43609538
2010-10-08,33.400002,33.799999,33.099998,33.500000,29.206385,93743340
2010-10-11,33.799999,33.950001,33.400002,33.700001,29.380749,78114968
2010-10-12,33.500000,33.700001,33.150002,33.450001,29.162788,48902568
2010-10-13,33.650002,34.599998,33.250000,34.500000,30.078215,94912291
2010-10-14,34.700001,35.299999,34.549999,35.049999,30.557726,184522734
2010-10-15,34.700001,35.450001,34.650002,35.250000,30.732090,92069592
2010-10-18,35.200001,35.400002,34.650002,34.799999,30.339764,59236276
2010-10-19,34.849998,35.299999,34.400002,34.900002,30.426950,55333585
2010-10-20,34.599998,36.650002,34.599998,36.000000,31.385963,205365771
2010-10-21,36.139999,36.750000,35.750000,36.450001,31.778284,102580563
2010-10-22,36.000000,36.599998,35.549999,35.599998,31.037224,51249431
2010-10-25,35.799999,36.450001,35.700001,35.900002,31.298777,46875019
2010-10-26,36.250000,36.250000,35.599998,35.799999,31.211601,33374957
2010-10-27,35.650002,36.000000,34.549999,34.650002,30.208990,60128135
2010-10-28,34.849998,35.150002,34.200001,35.000000,30.514128,42327059
2010-10-29,34.849998,35.150002,33.970001,33.970001,29.616140,65945244
2010-11-01,34.349998,35.150002,34.349998,35.000000,30.514128,52299647
2010-11-02,34.650002,34.849998,34.400002,34.500000,30.078215,33381105
2010-11-03,34.700001,35.650002,34.299999,35.099998,30.601313,60297415
2010-11-04,35.599998,35.750000,35.150002,35.250000,30.732090,37963015
2010-11-05,35.950001,36.099998,35.349998,35.400002,30.862865,50923082
2010-11-08,35.400002,36.700001,35.349998,36.599998,31.909067,74473333
2010-11-09,36.500000,36.900002,36.200001,36.299999,31.647514,65335443
2010-11-10,36.000000,36.450001,35.500000,36.049999,31.429554,61592150
2010-11-11,36.000000,36.700001,35.799999,36.099998,31.473143,68443969
2010-11-12,35.500000,35.799999,35.000000,35.299999,30.775681,71674334
2010-11-15,35.500000,35.650002,34.599998,34.700001,30.252581,39976191
2010-11-16,34.599998,34.900002,33.799999,33.950001,29.598711,64230669
2010-11-17,33.500000,34.250000,33.500000,33.750000,29.424343,62705771
2010-11-18,33.950001,34.549999,33.700001,34.299999,29.903851,46986503
2010-11-19,34.000000,34.450001,33.700001,34.150002,29.773077,44046305
2010-11-22,34.500000,34.849998,34.049999,34.549999,30.121803,40768999
2010-11-23,34.200001,34.299999,33.400002,33.450001,29.162788,65571259
2010-11-24,33.799999,34.049999,33.450001,33.500000,29.206385,42590886
2010-11-25,33.599998,34.099998,33.500000,33.549999,29.249973,27531483
2010-11-26,33.450001,33.849998,33.099998,33.349998,29.075609,32746010
2010-11-29,33.099998,33.900002,33.099998,33.799999,29.467934,36524289
2010-11-30,33.500000,33.750000,33.099998,33.349998,29.075609,43762660
2010-12-01,33.299999,33.900002,33.150002,33.700001,29.380749,30560174
2010-12-02,34.000000,34.000000,33.500000,33.750000,29.424343,43521531
2010-12-03,33.849998,33.950001,33.150002,33.299999,29.032015,37972821
2010-12-06,33.650002,33.750000,33.099998,33.200001,28.944832,30231851
2010-12-07,33.049999,33.450001,33.049999,33.299999,29.032015,27008035
2010-12-08,33.299999,33.400002,32.487000,32.849998,28.639690,42955128
2010-12-09,32.900002,33.150002,32.849998,33.000000,28.770464,20218545
2010-12-10,32.950001,33.150002,32.700001,32.950001,28.726873,29866205
2010-12-13,33.250000,33.400002,32.799999,33.000000,28.770464,19546338
2010-12-14,33.049999,33.150002,32.849998,33.000000,28.770464,14684223
2010-12-15,32.799999,32.849998,32.250000,32.400002,28.247370,32312198
2010-12-16,32.400002,32.549999,31.549999,31.700001,27.637087,59358803
2010-12-17,31.799999,31.850000,31.299999,31.600000,27.549904,42006227
2010-12-20,31.549999,31.750000,30.799999,31.250000,27.244759,45194355
2010-12-21,31.549999,31.799999,31.350000,31.700001,27.637087,38087080
2010-12-22,31.799999,32.049999,31.700001,31.950001,27.855042,24287267
2010-12-23,32.099998,32.150002,31.549999,31.650000,27.593493,19025375
2010-12-24,31.700001,31.799999,31.400000,31.549999,27.506308,9701475
2010-12-28,31.700001,31.700001,31.100000,31.350000,27.331944,26072344
2010-12-29,31.400000,31.700001,31.350000,31.650000,27.593493,18082381
2010-12-30,31.650000,31.950001,31.450001,31.650000,27.593493,32324492
2010-12-31,31.850000,31.850000,31.600000,31.750000,27.680677,14611669
2011-01-03,31.750000,32.299999,31.700001,32.099998,27.985819,30774580
2011-01-04,32.150002,32.599998,32.000000,32.450001,28.290962,47576091
2011-01-05,32.099998,32.549999,32.099998,32.500000,28.334551,51166329
2011-01-06,32.349998,32.500000,31.799999,32.049999,27.942225,50298651
2011-01-07,32.000000,33.099998,31.900000,32.049999,27.942225,69859151
2011-01-10,32.299999,32.549999,31.900000,32.000000,27.898634,47877530
2011-01-11,31.900000,32.349998,31.850000,32.049999,27.942225,36530165
2011-01-12,32.099998,32.750000,32.099998,32.650002,28.465328,44335343
2011-01-13,32.750000,32.900002,32.349998,32.450001,28.290962,46759208
2011-01-14,32.200001,32.549999,32.200001,32.299999,28.160181,20825022
2011-01-17,32.299999,32.400002,31.900000,32.049999,27.942225,25295040
2011-01-18,31.900000,32.450001,31.850000,31.900000,27.811449,39871855
2011-01-19,32.200001,32.450001,32.000000,32.200001,28.073002,31443205
2011-01-20,32.000000,32.299999,31.549999,31.600000,27.549904,41871869
2011-01-21,31.500000,31.900000,31.299999,31.450001,27.419128,42897179
2011-01-24,31.200001,31.400000,30.950001,31.150000,27.157579,34287571
2011-01-25,31.100000,31.299999,30.549999,30.850000,26.896027,44957505
2011-01-26,30.950001,31.150000,30.700001,30.900000,26.939615,33146426
2011-01-27,30.700001,31.450001,30.700001,30.850000,26.896027,39153321
2011-01-28,30.799999,30.900000,30.549999,30.600000,26.678070,34291510
2011-01-31,30.200001,30.549999,30.049999,30.299999,26.416519,35439588
2011-02-01,30.250000,30.400000,30.049999,30.150000,26.285744,27403686
2011-02-02,30.400000,30.600000,30.299999,30.400000,26.503700,22725052
2011-02-07,30.400000,30.450001,30.000000,30.100000,26.242155,39020073
2011-02-08,30.200001,30.400000,30.000000,30.100000,26.242155,42776164
2011-02-09,30.400000,30.750000,29.700001,29.799999,25.980602,92545963
2011-02-10,29.500000,29.850000,29.049999,29.250000,25.501095,71903283
2011-02-11,29.100000,29.350000,28.650000,29.100000,25.370321,85766948
2011-02-14,29.350000,29.850000,29.250000,29.500000,25.719051,62184646
2011-02-15,29.350000,29.750000,29.200001,29.350000,25.588280,42778011
2011-02-16,29.350000,30.150000,29.250000,30.000000,26.154968,49489391
2011-02-17,30.200001,30.549999,29.750000,30.450001,26.547295,47453962
2011-02-18,30.200001,30.750000,30.200001,30.400000,26.503700,47419619
2011-02-21,30.150000,30.299999,30.000000,30.100000,26.242155,20862421
2011-02-22,29.700001,29.750000,29.049999,29.299999,25.544683,55910583
2011-02-23,29.150000,29.400000,29.000000,29.049999,25.326729,33660864
2011-02-24,29.000000,29.299999,28.500000,28.650000,24.977991,43586944
2011-02-25,28.950001,29.150000,28.650000,28.950001,25.239546,36897020
2011-02-28,28.900000,29.799999,28.900000,29.650000,25.849829,45902719
2011-03-01,29.799999,29.850000,29.450001,29.650000,25.849829,29964367
2011-03-02,29.549999,29.600000,29.100000,29.299999,25.544683,23759867
2011-03-03,29.350000,29.799999,29.299999,29.400000,25.631868,34065587
2011-03-04,29.750000,30.450001,29.650000,30.150000,26.285744,65865515
2011-03-07,29.900000,30.450001,29.850000,30.049999,26.198561,27607455
2011-03-08,30.000000,30.700001,29.900000,30.500000,26.590889,40265273
2011-03-09,30.700001,31.100000,30.650000,30.700001,26.765251,69878489
2011-03-10,30.549999,30.549999,30.150000,30.450001,26.547295,40911694
2011-03-11,30.250000,30.700001,29.799999,30.000000,26.154968,54002510
2011-03-14,29.900000,30.100000,29.350000,30.049999,26.198561,30240188
2011-03-15,29.900000,29.950001,28.049999,29.049999,25.326729,96258315
2011-03-16,29.700001,29.750000,29.000000,29.049999,25.326729,34845260
2011-03-17,28.600000,29.049999,28.450001,28.850000,25.152363,44683007
2011-03-18,28.799999,28.950001,28.250000,28.400000,24.760038,56304886
2011-03-21,28.600000,29.100000,28.549999,28.950001,25.239546,36722549
2011-03-22,29.299999,29.400000,29.049999,29.200001,25.457506,32615113
2011-03-23,28.500000,28.650000,28.200001,28.600000,24.934406,65891794
2011-03-24,28.900000,28.900000,28.000000,28.049999,24.454895,83184807
2011-03-25,28.350000,28.450001,27.900000,27.900000,24.324125,104025199
2011-03-28,27.900000,28.049999,27.850000,27.950001,24.367712,41177431
2011-03-29,27.799999,28.250000,27.799999,28.000000,24.411304,29532725
2011-03-30,28.000000,28.950001,28.000000,28.650000,24.977991,62966231
2011-03-31,28.799999,29.299999,28.799999,29.200001,25.457506,70914359
2011-04-01,29.200001,29.600000,28.900000,29.500000,25.719051,45356745
2011-04-04,29.500000,29.950001,29.549999,29.850000,26.024195,42483626
2011-04-06,29.950001,30.600000,29.950001,30.299999,26.416519,72382641
2011-04-07,30.250000,30.600000,30.200001,30.400000,26.503700,42099999
2011-04-08,30.200001,30.500000,30.150000,30.299999,26.416519,34925995
2011-04-11,30.299999,30.450001,30.049999,30.150000,26.285744,27256155
2011-04-12,29.799999,29.799999,29.549999,29.750000,25.937010,47747025
2011-04-13,29.500000,30.000000,29.500000,29.900000,26.067783,34816180
2011-04-14,29.600000,29.850000,29.500000,29.549999,25.762648,30325581
2011-04-15,29.549999,29.799999,29.350000,29.500000,25.719051,31291027
2011-04-18,29.500000,29.600000,29.000000,29.250000,25.501095,35752097
2011-04-19,29.150000,29.150000,28.900000,29.000000,25.283136,27588181
2011-04-20,29.150000,29.400000,29.049999,29.350000,25.588280,21687323
2011-04-21,29.500000,29.850000,29.400000,29.650000,25.849829,29955080
2011-04-26,29.000000,29.200001,28.700001,29.000000,25.283136,60984464
2011-04-27,29.200001,29.400000,28.200001,28.500000,24.847219,73266722
2011-04-28,28.200001,28.350000,27.900000,27.900000,24.670376,61033674
2011-04-29,27.750000,28.000000,27.500000,27.600000,24.405100,46981452
2011-05-03,27.500000,28.000000,27.400000,27.549999,24.360888,33197156
2011-05-04,27.400000,27.500000,26.950001,27.150000,24.007189,48863628
2011-05-05,27.250000,27.250000,26.750000,26.850000,23.741919,42197009
2011-05-06,26.500000,26.950001,26.500000,26.850000,23.741919,32147980
2011-05-09,27.000000,27.100000,26.799999,26.850000,23.741919,23046363
2011-05-11,27.100000,27.150000,26.600000,26.799999,23.697708,31183197
2011-05-12,26.400000,26.700001,26.299999,26.500000,23.432436,39704841
2011-05-13,26.549999,26.850000,26.250000,26.799999,23.697708,30665403
2011-05-16,26.299999,26.700001,26.200001,26.250000,23.211372,26309463
2011-05-17,26.400000,26.650000,26.299999,26.549999,23.476645,31765879
2011-05-18,26.750000,26.950001,26.600000,26.850000,23.741919,26584608
2011-05-19,26.850000,27.049999,26.700001,26.850000,23.741919,21457679
2011-05-20,26.850000,26.950001,26.700001,26.850000,23.741919,13950279
2011-05-23,26.450001,26.650000,26.000000,26.049999,23.034523,35436074
2011-05-24,26.150000,26.500000,26.049999,26.299999,23.255583,28981660
2011-05-25,25.950001,26.450001,25.799999,26.400000,23.344009,33139857
2011-05-26,26.500000,26.650000,26.100000,26.250000,23.211372,25211941
2011-05-27,26.250000,26.850000,26.250000,26.650000,23.565069,32841579
2011-05-30,27.000000,27.049999,26.700001,26.900000,23.786129,25146813
2011-05-31,27.299999,27.549999,27.049999,27.400000,24.228252,46359824
2011-06-01,27.400000,27.650000,27.299999,27.400000,24.228252,32236064
2011-06-02,27.000000,27.100000,26.650000,26.850000,23.741919,35145709
2011-06-03,26.950001,26.950001,26.250000,26.350000,23.299797,37697417
2011-06-07,26.299999,26.650000,26.200001,26.500000,23.432436,22638793
2011-06-08,26.450001,26.500000,26.150000,26.299999,23.255583,28854716
2011-06-09,26.350000,26.900000,25.900000,26.900000,23.786129,52257927
2011-06-10,26.900000,27.100000,26.500000,26.799999,23.697708,45195806
2011-06-13,26.450001,26.700001,26.299999,26.650000,23.565069,28334433
2011-06-14,26.299999,26.700001,26.250000,26.500000,23.432436,33086098
2011-06-15,26.450001,26.650000,26.299999,26.350000,23.299797,17988912
2011-06-16,26.000000,26.150000,25.600000,25.650000,22.680826,37508295
2011-06-17,25.549999,25.600000,24.299999,24.600000,21.752371,81696901
2011-06-20,25.000000,25.150000,24.549999,24.650000,21.796581,38925365
2011-06-21,25.000000,25.299999,24.900000,25.200001,22.282919,29436441
2011-06-22,25.799999,25.799999,25.000000,25.049999,22.150280,33062222
2011-06-23,24.900000,25.299999,24.500000,24.799999,21.929218,35058567
2011-06-24,25.200001,26.000000,24.850000,25.700001,22.725039,45793348
2011-06-27,25.200001,26.400000,25.200001,26.150000,23.122946,42766946
2011-06-28,26.250000,26.450001,25.900000,26.400000,23.344009,31934925
2011-06-29,26.549999,26.600000,25.900000,26.049999,23.034523,34232257
2011-06-30,26.400000,26.850000,26.049999,26.600000,23.520857,41755361
2011-07-04,27.200001,27.950001,27.000000,27.799999,24.581949,75773092
2011-07-05,27.900000,28.100000,27.500000,27.750000,24.537737,31602990
2011-07-06,27.500000,27.600000,27.200001,27.299999,24.139826,26857835
2011-07-07,27.400000,27.850000,27.200001,27.250000,24.095615,21996843
2011-07-08,27.500000,27.750000,27.400000,27.500000,24.316675,21045725
2011-07-11,27.150000,27.250000,26.850000,27.000000,23.874552,20022346
2011-07-12,26.500000,26.549999,25.750000,25.850000,22.857676,41822084
2011-07-13,26.200001,26.500000,26.049999,26.250000,23.211372,28552152
2011-07-14,26.200001,26.400000,25.799999,26.200001,23.167162,18327019
2011-07-15,25.900000,26.299999,25.799999,26.150000,23.122946,12768071
2011-07-18,25.799999,26.299999,25.799999,25.950001,22.946102,14727378
2011-07-19,25.950001,26.299999,25.700001,26.200001,23.167162,20278240
2011-07-20,26.350000,26.450001,25.850000,26.299999,23.255583,21626349
2011-07-21,26.350000,26.400000,25.850000,26.100000,23.078735,23057792
2011-07-22,26.400000,26.950001,26.350000,26.850000,23.741919,33631596
2011-07-25,26.700001,26.700001,26.350000,26.500000,23.432436,19982564
2011-07-26,26.299999,26.750000,26.299999,26.549999,23.476645,25378648
2011-07-27,26.299999,26.500000,26.150000,26.299999,23.255583,30235077
2011-07-28,25.799999,26.200001,25.799999,26.150000,23.122946,26147400
2011-07-29,26.000000,26.200001,25.850000,26.000000,22.990314,20547509
2011-08-01,26.450001,26.850000,26.400000,26.500000,23.432436,25381509
2011-08-02,26.299999,26.549999,26.000000,26.100000,23.078735,18532754
2011-08-03,25.299999,25.700001,25.299999,25.549999,22.592402,29033666
2011-08-04,25.650000,25.700001,24.850000,25.299999,22.371344,29173322
2011-08-05,24.049999,24.450001,23.500000,24.150000,21.354460,66707197
2011-08-08,23.450001,23.600000,22.450001,23.100000,20.426008,60951007
2011-08-09,21.100000,22.850000,20.900000,21.200001,18.745947,96883650
2011-08-10,22.100000,22.500000,21.500000,21.850000,19.320707,64631125
2011-08-11,21.100000,21.700001,21.000000,21.450001,18.967007,40932141
2011-08-12,22.100000,22.700001,21.750000,22.200001,19.630192,64138879
2011-08-15,22.900000,23.650000,22.600000,23.549999,20.823915,52416721
2011-08-16,23.350000,23.450001,22.850000,23.100000,20.426008,37000689
2011-08-17,23.100000,23.650000,22.799999,23.200001,20.514431,27541607
2011-08-18,22.850000,23.200001,22.250000,22.400000,19.807039,29612037
2011-08-19,21.700001,22.000000,21.250000,21.600000,19.099644,47594996
2011-08-22,21.850000,22.150000,21.500000,22.000000,19.453342,45515350
2011-08-23,22.049999,23.049999,21.799999,22.950001,20.293371,46748729
2011-08-24,21.450001,21.650000,19.740000,20.299999,17.950129,186000748
2011-08-25,20.600000,20.600000,19.320000,19.520000,17.260422,86041530
2011-08-26,19.480000,20.000000,19.000000,19.180000,16.959776,49284698
2011-08-29,19.500000,19.660000,18.400000,18.520000,16.376177,76091337
2011-08-30,19.240000,19.360001,18.740000,19.020000,16.818300,59089516
2011-08-31,18.959999,19.600000,18.799999,19.559999,17.295790,42285214
2011-09-01,19.820000,19.980000,19.020000,19.100000,16.889036,57755494
2011-09-02,19.000000,19.080000,18.540001,18.639999,16.482285,45005010
2011-09-05,18.299999,18.360001,17.740000,17.760000,15.704151,50981334
2011-09-06,17.760000,18.000000,17.660000,17.980000,15.898685,51333834
2011-09-07,18.200001,18.639999,18.020000,18.580000,16.429228,40390573
2011-09-08,18.760000,18.940001,18.420000,18.620001,16.464598,184204372
2011-09-09,18.620001,19.440001,18.620001,19.139999,16.924406,79963069
2011-09-12,18.299999,18.520000,17.719999,18.040001,15.951740,46945607
2011-09-14,18.340000,18.459999,17.820000,18.440001,16.305433,52936321
2011-09-15,18.900000,19.100000,18.540001,18.959999,16.765242,57130829
2011-09-16,19.400000,19.440001,19.059999,19.100000,16.889036,62857983
2011-09-19,18.799999,18.799999,18.160000,18.400000,16.270063,28096255
2011-09-20,18.420000,18.799999,17.980000,18.680000,16.517653,34325822
2011-09-21,18.480000,19.219999,18.260000,18.980000,16.782928,54713501
2011-09-22,18.340000,18.920000,18.340000,18.580000,16.429228,60034300
2011-09-23,18.040001,18.480000,17.700001,17.980000,15.898685,102069613
2011-09-26,17.980000,18.040001,17.100000,17.700001,15.651097,55121777
2011-09-27,18.260000,18.500000,17.959999,18.459999,16.323122,56493285
2011-09-28,18.299999,18.719999,18.180000,18.580000,16.429228,58512318
2011-09-30,19.000000,19.000000,18.500000,18.799999,16.623764,79037110
2011-10-03,18.400000,18.639999,17.540001,17.740000,15.686466,60342480
2011-10-04,17.639999,18.000000,17.040001,17.240000,15.244347,42840552
2011-10-06,18.139999,18.500000,18.020000,18.100000,16.004795,65980388
2011-10-07,18.219999,18.680000,18.180000,18.559999,16.411547,48609692
2011-10-10,18.559999,18.900000,18.219999,18.600000,16.446917,29718972
2011-10-11,19.980000,19.980000,19.500000,19.600000,17.331158,57141798
2011-10-12,19.260000,19.920000,19.240000,19.719999,17.437263,38554117
2011-10-13,20.000000,20.900000,19.520000,20.750000,18.348040,69749316
2011-10-14,20.350000,20.549999,20.000000,20.350000,17.994343,27457710
2011-10-17,20.600000,20.750000,20.200001,20.549999,18.171186,27357104
2011-10-18,19.799999,19.940001,18.920000,19.120001,16.906723,44332103
2011-10-19,19.420000,19.440001,18.400000,18.860001,16.676817,50355277
2011-10-20,18.459999,18.459999,17.280001,17.600000,15.562673,82961565
2011-10-21,17.600000,17.780001,17.240000,17.420000,15.403508,34867913
2011-10-24,17.760000,18.160000,17.500000,18.080000,15.987109,52042519
2011-10-25,18.280001,18.400000,18.120001,18.379999,16.252380,38729498
2011-10-26,18.000000,18.879999,17.840000,18.760000,16.588392,29263102
2011-10-27,18.500000,19.860001,18.500000,19.660000,17.384212,56143422
2011-10-28,20.250000,20.500000,19.900000,19.980000,17.667171,88670083
2011-10-31,20.100000,20.950001,20.000000,20.750000,18.348040,68566836
2011-11-01,20.299999,20.799999,19.900000,19.940001,17.631802,50902367
2011-11-02,19.520000,20.500000,19.340000,20.350000,17.994343,39744525
2011-11-03,20.200001,21.950001,20.049999,21.150000,18.701733,115030787
2011-11-04,22.299999,23.100000,22.200001,22.700001,20.072313,94595152
2011-11-07,22.799999,23.600000,22.549999,23.049999,20.381794,68830089
2011-11-08,23.299999,23.450001,22.400000,22.700001,20.072313,38392747
2011-11-09,23.200001,23.799999,23.100000,23.150000,20.470221,41245266
2011-11-10,21.549999,22.250000,21.500000,21.750000,19.232277,76289195
2011-11-11,22.000000,22.000000,21.250000,21.299999,18.834370,39399144
2011-11-14,22.150000,22.850000,22.100000,22.450001,19.851248,53696027
2011-11-15,22.000000,22.700001,22.000000,22.400000,19.807039,19981842
2011-11-16,22.200001,22.250000,20.799999,21.250000,18.790159,54232576
2011-11-17,20.750000,21.350000,20.500000,20.799999,18.392248,33506387
2011-11-18,20.400000,20.400000,19.940001,20.200001,17.861706,31892801
2011-11-21,20.000000,20.000000,19.080000,19.840000,17.543377,40573225
2011-11-22,20.100000,20.500000,19.559999,20.200001,17.861706,34276650
2011-11-23,19.639999,19.860001,19.320000,19.500000,17.242735,32977656
2011-11-24,19.139999,20.000000,19.100000,19.860001,17.561062,30115378
2011-11-25,19.559999,19.700001,19.240000,19.320000,17.083570,16901122
2011-11-28,19.719999,20.000000,19.500000,19.760000,17.472635,25092713
2011-11-29,19.799999,20.100000,19.379999,19.959999,17.649483,31287025
2011-11-30,19.760000,19.760000,19.100000,19.260000,17.030516,33328597
2011-12-01,21.200001,21.549999,20.900000,21.000000,18.569099,72329946
2011-12-02,20.799999,21.350000,20.750000,21.000000,18.569099,31998478
2011-12-05,21.000000,21.400000,20.700001,21.049999,18.613310,24699973
2011-12-06,20.549999,21.000000,20.549999,20.850000,18.436460,16860490
2011-12-07,21.299999,21.900000,21.000000,21.750000,19.232277,43980623
2011-12-08,21.500000,21.700001,21.000000,21.250000,18.790159,55169204
2011-12-09,20.500000,20.850000,20.000000,20.250000,17.905916,44042650
2011-12-12,20.700001,20.799999,19.840000,19.900000,17.596430,33829574
2011-12-13,19.600000,19.760000,19.340000,19.719999,17.437263,29708056
2011-12-14,19.320000,20.049999,19.320000,19.559999,17.295790,49635388
2011-12-15,19.200001,19.299999,18.700001,19.040001,16.835983,58960721
2011-12-16,19.180000,19.480000,18.799999,19.180000,16.959776,62561839
2011-12-19,18.900000,19.120001,18.120001,18.700001,16.535343,51809198
2011-12-20,18.700001,19.080000,18.379999,18.500000,16.358488,27514314
2011-12-21,19.059999,19.200001,18.719999,18.900000,16.712185,33001174
2011-12-22,18.799999,18.799999,18.420000,18.620001,16.464598,28779444
2011-12-23,18.959999,19.360001,18.879999,19.280001,17.048203,34037411
2011-12-24,null,null,null,null,null,null
2011-12-28,18.959999,19.180000,18.820000,19.120001,16.906723,16438456
2011-12-29,18.860001,19.280001,18.760000,19.120001,16.906723,28322228
2011-12-30,19.260000,19.440001,19.120001,19.200001,16.977463,15604000
2011-12-31,null,null,null,null,null,null
2012-01-03,19.660000,20.000000,19.580000,19.959999,17.649483,27584019
2012-01-04,20.200001,20.200001,19.500000,19.520000,17.260422,21804291
2012-01-05,19.360001,19.600000,19.200001,19.320000,17.083570,25971154
2012-01-06,18.920000,19.100000,18.680000,18.799999,16.623764,29040763
2012-01-09,18.600000,19.000000,18.320000,19.000000,16.800611,48444167
2012-01-10,19.100000,19.740000,18.920000,19.459999,17.207365,61819079
2012-01-11,19.700001,19.840000,19.540001,19.740000,17.454952,41236365
2012-01-12,19.719999,20.000000,19.700001,19.780001,17.490322,29311832
2012-01-13,20.299999,20.299999,19.820000,20.049999,17.729065,43955946
2012-01-16,19.600000,19.840000,19.360001,19.379999,17.136627,18018650
2012-01-17,19.780001,20.799999,19.639999,20.750000,18.348040,50206376
2012-01-18,20.900000,21.250000,20.600000,21.100000,18.657522,71016231
2012-01-19,21.400000,21.950001,21.400000,21.700001,19.188068,50965582
2012-01-20,22.200001,22.250000,21.700001,22.150000,19.585978,49787031
2012-01-26,22.650000,23.350000,22.450001,23.100000,20.426008,58446612
2012-01-27,22.799999,23.049999,22.500000,22.900000,20.249157,44360821
2012-01-30,22.900000,22.950001,22.100000,22.150000,19.585978,43873336
2012-01-31,22.500000,22.950001,22.350000,22.850000,20.204947,52443368
2012-02-01,22.799999,23.299999,22.350000,22.600000,19.983885,41189386
2012-02-02,23.049999,23.400000,22.650000,23.299999,20.602856,59125870
2012-02-03,23.250000,23.400000,22.900000,23.200001,20.514431,34130681
2012-02-06,23.600000,23.650000,22.799999,23.250000,20.558645,34184025
2012-02-07,23.250000,23.350000,22.600000,22.750000,20.116522,43303404
2012-02-08,22.799999,23.350000,22.600000,23.150000,20.470221,37622350
2012-02-09,22.850000,23.200001,22.600000,22.850000,20.204947,52555645
2012-02-10,22.600000,22.750000,22.000000,22.200001,19.630192,48939024
2012-02-13,22.000000,22.549999,21.700001,22.299999,19.718611,46938975
2012-02-14,22.000000,22.600000,22.000000,22.299999,19.718611,38161505
2012-02-15,22.450001,23.100000,22.150000,23.100000,20.426008,45639182
2012-02-16,22.799999,22.950001,22.650000,22.799999,20.160734,20602134
2012-02-17,23.299999,23.950001,23.200001,23.600000,20.868132,67848236
2012-02-20,24.000000,24.549999,23.799999,23.850000,21.089191,70675183
2012-02-21,23.600000,23.850000,23.100000,23.750000,21.000767,41931353
2012-02-22,23.350000,24.400000,23.350000,24.299999,21.487099,43282838
2012-02-23,23.900000,24.700001,23.900000,24.350000,21.531313,45856640
2012-02-24,24.450001,24.549999,24.200001,24.200001,21.398672,26800497
2012-02-27,24.200001,24.549999,23.250000,23.500000,20.779705,53320447
2012-02-28,23.650000,24.000000,23.400000,23.950001,21.177614,42167084
2012-02-29,24.100000,24.450001,24.000000,24.200001,21.398672,34574320
2012-03-01,23.900000,24.350000,23.500000,23.700001,20.956554,26814429
2012-03-02,24.000000,24.100000,23.650000,24.049999,21.266037,35528911
2012-03-05,23.799999,23.900000,22.900000,23.000000,20.337582,60626517
2012-03-06,22.850000,22.900000,22.049999,22.150000,19.585978,73112538
2012-03-07,20.850000,21.150000,20.400000,20.799999,18.392248,154255801
2012-03-08,21.000000,21.350000,20.850000,21.100000,18.657522,52524517
2012-03-09,21.350000,21.450001,20.700001,20.950001,18.524885,55456066
2012-03-12,20.799999,21.049999,20.299999,20.700001,18.303825,51493167
2012-03-13,21.000000,21.299999,20.850000,21.150000,18.701733,26552064
2012-03-14,21.500000,21.900000,21.100000,21.200001,18.745947,68914158
2012-03-15,21.049999,21.150000,20.700001,20.950001,18.524885,36751412
2012-03-16,20.950001,21.250000,20.850000,21.000000,18.569099,25867087
2012-03-20,20.700001,20.700001,20.000000,20.150000,17.817492,51209359
2012-03-21,20.200001,20.299999,19.820000,20.000000,17.684853,50355572
2012-03-22,20.200001,20.450001,20.000000,20.200001,17.861706,19343004
2012-03-23,20.000000,20.200001,19.900000,20.150000,17.817492,24360531
2012-03-26,20.299999,20.299999,19.820000,20.200001,17.861706,16747618
2012-03-27,20.799999,20.900000,20.600000,20.750000,18.348040,47624027
2012-03-28,20.549999,20.700001,20.100000,20.400000,18.038549,38437430
2012-03-29,20.000000,20.200001,19.860001,20.100000,17.773281,27782891
2012-03-30,20.049999,20.400000,19.980000,20.150000,17.817492,18836916
2012-04-02,20.150000,20.450001,20.100000,20.400000,18.038549,19073890
2012-04-03,20.700001,20.750000,20.350000,20.500000,18.126978,32108348
2012-04-05,20.000000,20.549999,20.000000,20.500000,18.126978,29137915
2012-04-10,20.200001,20.200001,19.900000,20.000000,17.684853,32054180
2012-04-11,19.799999,19.920000,19.639999,19.799999,17.508009,25242810
2012-04-12,19.840000,20.400000,19.719999,20.150000,17.817492,27937895
2012-04-13,20.700001,20.850000,20.400000,20.500000,18.126978,45230808
2012-04-16,20.200001,20.600000,20.200001,20.450001,18.082766,18372858
2012-04-17,20.600000,20.600000,20.100000,20.400000,18.038549,20638174
2012-04-18,20.500000,20.700001,20.350000,20.400000,18.038549,28952443
2012-04-19,20.299999,21.250000,20.299999,21.200001,18.745947,81708750
2012-04-20,21.100000,21.450001,21.000000,21.299999,18.834370,39059326
2012-04-23,21.250000,21.250000,20.600000,20.700001,18.303825,26021718
2012-04-24,20.700001,21.100000,20.549999,20.750000,18.348040,35537899
2012-04-25,20.799999,20.900000,20.450001,20.500000,18.126978,19752518
2012-04-26,20.700001,20.950001,20.400000,20.799999,18.392248,47215150
2012-04-27,21.000000,21.000000,20.549999,20.750000,18.348040,30925758
2012-04-30,20.900000,21.150000,20.900000,21.000000,18.569099,24848643
2012-05-02,21.200001,21.600000,21.200001,21.450001,18.967007,56920240
2012-05-03,21.200001,21.650000,21.100000,21.650000,19.143856,47256381
2012-05-04,21.500000,21.650000,21.299999,21.500000,19.011217,38307306
2012-05-07,21.049999,21.049999,20.500000,20.549999,18.171186,52043502
2012-05-08,20.650000,20.650000,20.299999,20.400000,18.038549,31272400
2012-05-09,20.150000,20.299999,20.049999,20.150000,17.817492,40440554
2012-05-10,20.150000,20.350000,19.820000,20.150000,17.817492,37148595
2012-05-11,19.820000,19.879999,19.600000,19.780001,17.490322,41451288
2012-05-14,19.959999,19.980000,19.340000,19.379999,17.136627,30048012
2012-05-15,19.280001,19.459999,18.959999,19.420000,17.171995,49101370
2012-05-16,19.000000,19.020000,18.400000,18.580000,16.429228,44686186
2012-05-17,18.740000,18.840000,18.340000,18.379999,16.252380,30196991
2012-05-18,18.000000,18.459999,17.920000,18.260000,16.146271,50013561
2012-05-21,18.200001,18.400000,18.100000,18.260000,16.146271,23305156
2012-05-22,18.340000,18.580000,18.280001,18.400000,16.270063,37518085
2012-05-23,17.879999,18.200001,17.860001,18.100000,16.004795,38260533
2012-05-24,17.820000,18.299999,17.799999,17.959999,16.085402,28865256
2012-05-25,17.920000,18.139999,17.700001,18.059999,16.174965,26270204
2012-05-28,17.959999,18.299999,17.940001,18.200001,16.300348,17874467
2012-05-29,18.160000,18.719999,18.080000,18.700001,16.748165,32395617
2012-05-30,18.420000,18.480000,18.160000,18.260000,16.354084,36646765
2012-05-31,18.000000,18.379999,17.920000,18.219999,16.318262,43697620
2012-06-01,18.000000,18.260000,17.900000,17.940001,16.067488,30139045
2012-06-04,17.500000,17.500000,17.000000,17.059999,15.279340,55085000
2012-06-05,17.260000,17.320000,17.040001,17.080000,15.297250,38552609
2012-06-06,17.299999,17.580000,17.240000,17.459999,15.637587,34196005
2012-06-07,17.780001,17.799999,17.200001,17.379999,15.565939,37433099
2012-06-08,17.660000,17.780001,17.480000,17.620001,15.780888,43418749
2012-06-11,18.240000,18.740000,18.240000,18.700001,16.748165,56223067
2012-06-12,18.340000,18.860001,18.280001,18.639999,16.694424,36245706
2012-06-13,18.940001,19.360001,18.500000,19.320000,17.303448,57877119
2012-06-14,19.379999,19.379999,18.820000,18.879999,16.909376,32676930
2012-06-15,19.040001,19.299999,18.940001,19.280001,17.267626,36578953
2012-06-18,19.840000,19.900000,19.639999,19.680000,17.625872,56665098
2012-06-19,19.799999,19.799999,19.500000,19.660000,17.607960,19294327
2012-06-20,19.799999,19.799999,19.620001,19.700001,17.643785,21780420
2012-06-21,19.740000,19.799999,19.260000,19.400000,17.375097,24305759
2012-06-22,19.100000,19.299999,18.900000,18.959999,16.981022,26122982
2012-06-25,18.959999,18.980000,18.680000,18.740000,16.783987,22037671
2012-06-26,18.600000,19.200001,18.600000,19.100000,17.106411,27896394
2012-06-27,19.280001,19.580000,19.139999,19.500000,17.464661,27271334
2012-06-28,19.520000,19.700001,19.280001,19.320000,17.303448,43258247
2012-06-29,19.480000,19.980000,19.120001,19.959999,17.876644,47875748
2012-07-03,20.250000,20.850000,20.100000,20.850000,18.673752,56668841
2012-07-04,21.000000,21.049999,20.650000,20.650000,18.494629,31149912
2012-07-05,20.700001,21.400000,20.450001,21.200001,18.987221,37338531
2012-07-06,21.450001,21.750000,21.299999,21.650000,19.390251,58159110
2012-07-09,21.600000,21.600000,20.750000,20.900000,18.718533,28952488
2012-07-10,21.000000,21.000000,20.500000,20.799999,18.628969,21683050
2012-07-11,20.549999,21.350000,20.400000,21.100000,18.897657,38739079
2012-07-12,21.000000,21.000000,20.400000,20.450001,18.315504,29293446
2012-07-13,20.450001,21.100000,20.450001,20.700001,18.539410,29336765
2012-07-16,20.700001,21.100000,20.700001,20.900000,18.718533,23012279
2012-07-17,21.200001,21.799999,21.200001,21.650000,19.390251,62892373
2012-07-18,21.850000,21.850000,21.100000,21.450001,19.211126,27981407
2012-07-19,21.799999,22.000000,21.700001,21.950001,19.658939,47855955
2012-07-20,22.000000,22.150000,21.799999,22.049999,19.748501,33182051
2012-07-23,21.250000,21.250000,20.650000,21.000000,18.808098,71944143
2012-07-24,21.000000,21.100000,20.600000,20.799999,18.628969,25609988
2012-07-25,20.450001,21.150000,20.299999,20.850000,18.673752,30396310
2012-07-26,20.750000,21.250000,20.750000,20.850000,18.673752,18520043
2012-07-27,21.250000,21.400000,21.000000,21.150000,18.942438,32176131
2012-07-30,21.500000,21.500000,20.950001,21.150000,18.942438,23681979
2012-07-31,21.200001,21.500000,21.049999,21.450001,19.211126,36001965
2012-08-01,21.250000,21.700001,21.250000,21.600000,19.345470,23081166
2012-08-02,21.400000,21.450001,21.049999,21.250000,19.032001,19329448
2012-08-03,21.049999,21.299999,20.950001,21.299999,19.076782,22323188
2012-08-06,21.650000,21.799999,21.549999,21.549999,19.300688,18033182
2012-08-07,21.549999,21.549999,21.100000,21.299999,19.076782,37581958
2012-08-08,21.450001,21.500000,21.049999,21.350000,19.121563,21004427
2012-08-09,21.450001,21.950001,21.450001,21.750000,19.479811,34614278
2012-08-10,21.950001,21.950001,21.600000,21.850000,19.569378,36334135
2012-08-13,21.700001,21.950001,21.500000,21.700001,19.435032,20778948
2012-08-14,21.900000,22.000000,21.549999,21.900000,19.614157,27923107
2012-08-15,21.700001,21.700001,21.100000,21.150000,18.942438,53584080
2012-08-16,21.400000,21.400000,20.950001,21.200001,18.987221,25616759
2012-08-17,21.299999,21.500000,21.250000,21.450001,19.211126,20293248
2012-08-20,21.350000,21.650000,21.200001,21.500000,19.255905,15139371
2012-08-21,21.700001,21.750000,21.450001,21.600000,19.345470,17929023
2012-08-22,21.350000,21.600000,21.150000,21.350000,19.121563,18261588
2012-08-23,21.400000,21.850000,21.400000,21.600000,19.345470,19946425
2012-08-24,21.350000,21.400000,21.150000,21.299999,19.076782,22188591
2012-08-27,21.400000,21.400000,20.250000,20.549999,18.405064,49060243
2012-08-28,20.350000,20.500000,20.200001,20.299999,18.181160,28697914
2012-08-29,20.950001,21.100000,20.549999,20.700001,18.539410,47392576
2012-08-30,20.400000,21.200001,20.299999,20.900000,18.718533,45964191
2012-08-31,20.950001,21.299999,20.650000,20.750000,18.584192,26503496
2012-09-03,20.650000,21.250000,20.500000,20.950001,18.763313,30033765
2012-09-04,21.000000,21.299999,20.850000,21.100000,18.897657,33522165
2012-09-05,20.900000,21.150000,20.799999,20.900000,18.718533,29421082
2012-09-06,20.799999,21.200001,20.799999,21.150000,18.942438,17660825
2012-09-07,21.600000,22.049999,21.299999,21.799999,19.524593,67631791
2012-09-10,22.000000,22.150000,21.750000,21.850000,19.569378,31853032
2012-09-11,21.700001,22.000000,21.549999,21.950001,19.658939,20759585
2012-09-12,22.100000,22.350000,21.950001,22.100000,19.793283,26549674
2012-09-13,22.100000,22.200001,22.000000,22.000000,19.703720,17249485
2012-09-14,22.799999,23.000000,22.750000,22.950001,20.554562,57668292
2012-09-17,23.000000,23.150000,22.600000,22.850000,20.464998,29826117
2012-09-18,22.700001,22.850000,22.400000,22.549999,20.196310,29567294
2012-09-19,22.750000,22.950001,22.549999,22.799999,20.420218,31701387
2012-09-20,22.950001,22.950001,22.400000,22.450001,20.106749,23826418
2012-09-21,22.500000,22.750000,22.400000,22.650000,20.285875,40597316
2012-09-24,22.600000,22.700001,22.200001,22.549999,20.196310,24414094
2012-09-25,22.700001,22.799999,22.500000,22.650000,20.285875,18660410
2012-09-26,22.600000,22.600000,22.049999,22.150000,19.838064,31190366
2012-09-27,22.000000,22.750000,22.000000,22.400000,20.061970,47072999
2012-09-28,22.299999,22.600000,22.250000,22.400000,20.061970,27762216
2012-10-03,22.650000,22.700001,22.100000,22.200001,19.882847,25221306
2012-10-04,22.200001,22.500000,22.150000,22.350000,20.017187,18813380
2012-10-05,22.500000,22.900000,22.350000,22.850000,20.464998,34806010
2012-10-08,22.700001,22.799999,22.400000,22.500000,20.151529,16977508
2012-10-09,22.700001,22.900000,22.600000,22.650000,20.285875,26920844
2012-10-10,22.500000,22.650000,22.400000,22.549999,20.196310,19970512
2012-10-11,22.549999,22.950001,22.400000,22.900000,20.509779,36429646
2012-10-12,22.900000,23.299999,22.850000,23.250000,20.823250,32038563
2012-10-15,23.200001,23.400000,23.150000,23.250000,20.823250,22161548
2012-10-16,23.350000,23.450001,23.150000,23.400000,20.957590,17821228
2012-10-17,23.500000,23.750000,22.799999,23.000000,20.599340,58404478
2012-10-18,22.250000,22.900000,22.049999,22.750000,20.375437,96407100
2012-10-19,22.700001,23.150000,22.500000,22.799999,20.420218,37356308
2012-10-22,22.799999,23.000000,22.650000,22.900000,20.509779,30126882
2012-10-24,22.500000,23.049999,22.500000,22.950001,20.554562,31743940
2012-10-25,22.850000,23.049999,22.700001,23.000000,20.599340,26312716
2012-10-26,23.000000,23.049999,22.350000,22.549999,20.196310,32662584
2012-10-29,22.450001,22.750000,22.400000,22.500000,20.151529,17375026
2012-10-30,22.600000,22.750000,22.400000,22.650000,20.285875,22962507
2012-10-31,22.850000,22.950001,22.700001,22.900000,20.509779,18468544
2012-11-01,22.799999,23.549999,22.650000,23.400000,20.957590,40317495
2012-11-02,23.799999,23.900000,23.549999,23.850000,21.360624,40862264
2012-11-05,23.750000,24.100000,23.700001,23.950001,21.450186,26165495
2012-11-06,24.100000,24.100000,23.400000,23.700001,21.226280,33247932
2012-11-07,23.900000,23.900000,23.299999,23.750000,21.271061,40324701
2012-11-08,23.500000,23.650000,23.049999,23.100000,20.688906,38227972
2012-11-09,22.799999,23.350000,22.799999,23.100000,20.688906,30846780
2012-11-12,22.950001,23.150000,22.900000,22.950001,20.554562,18280625
2012-11-13,22.750000,22.900000,22.500000,22.549999,20.196310,24050196
2012-11-14,22.450001,22.700001,22.450001,22.700001,20.330658,24568862
2012-11-15,22.299999,22.450001,22.100000,22.250000,19.927624,32967096
2012-11-16,22.150000,22.200001,21.950001,22.150000,19.838064,33166075
2012-11-19,22.049999,22.400000,22.000000,22.299999,19.972404,23070204
2012-11-20,22.400000,22.500000,21.900000,22.049999,19.748501,22351587
2012-11-21,22.299999,22.400000,21.950001,22.350000,20.017187,20510666
2012-11-22,22.500000,22.700001,22.250000,22.500000,20.151529,20396728
2012-11-23,22.450001,22.900000,22.450001,22.850000,20.464998,21265339
2012-11-26,23.049999,23.049999,22.799999,22.850000,20.464998,19746895
2012-11-27,23.000000,23.049999,22.600000,22.700001,20.330658,20378693
2012-11-28,22.500000,22.549999,22.200001,22.400000,20.061970,32013913
2012-11-29,22.549999,22.750000,22.400000,22.650000,20.285875,25753993
2012-11-30,22.500000,22.950001,22.500000,22.850000,20.464998,32188466
2012-12-03,22.900000,23.100000,22.450001,22.500000,20.151529,16246617
2012-12-04,22.500000,22.549999,22.299999,22.500000,20.151529,18382701
2012-12-05,22.350000,23.600000,22.350000,23.450001,21.002375,52239010
2012-12-06,23.549999,23.600000,23.299999,23.400000,20.957590,24430040
2012-12-07,23.600000,23.650000,23.400000,23.450001,21.002375,25470082
2012-12-10,23.549999,23.650000,23.000000,23.350000,20.912813,27157476
2012-12-11,23.400000,23.450001,23.049999,23.150000,20.733686,28617589
2012-12-12,23.299999,23.600000,23.299999,23.549999,21.091934,32721867
2012-12-13,23.299999,23.799999,23.299999,23.500000,21.047155,23096976
2012-12-14,23.299999,24.100000,23.299999,24.049999,21.539745,57409692
2012-12-17,24.049999,24.500000,23.850000,24.299999,21.763653,50969662
2012-12-18,24.400000,24.549999,24.150000,24.350000,21.808437,27503552
2012-12-19,24.500000,24.549999,24.200001,24.400000,21.853216,29908259
2012-12-20,24.400000,24.400000,23.799999,24.150000,21.629307,41652194
2012-12-21,23.700001,24.250000,23.700001,24.200001,21.674089,35465205
2012-12-24,24.000000,24.200001,24.000000,24.049999,21.539745,7763752
2012-12-27,24.400000,24.500000,24.150000,24.450001,21.898001,24657074
2012-12-28,24.600000,24.600000,24.400000,24.549999,21.987560,20082392
2012-12-31,24.350000,25.400000,24.350000,25.299999,22.659279,38247833
2013-01-02,25.600000,27.150000,25.549999,27.000000,24.181835,88020966
2013-01-03,27.100000,27.200001,26.799999,27.100000,24.271399,63498542
2013-01-04,27.000000,27.000000,26.500000,27.000000,24.181835,39797087
2013-01-07,27.000000,27.250000,26.799999,27.200001,24.360962,35624935
2013-01-08,26.900000,26.950001,25.950001,26.299999,23.554899,58389850
2013-01-09,26.200001,26.549999,26.049999,26.450001,23.689245,25596595
2013-01-10,26.350000,26.799999,26.250000,26.350000,23.599682,35770835
2013-01-11,26.500000,26.600000,25.950001,26.000000,23.286217,31846528
2013-01-14,26.000000,27.100000,25.900000,26.750000,23.957933,45969457
2013-01-15,26.500000,27.350000,26.500000,26.950001,24.137058,29373511
2013-01-16,26.549999,26.750000,26.350000,26.700001,23.913149,23442925
2013-01-17,26.700001,26.750000,25.950001,26.049999,23.330994,45230759
2013-01-18,26.450001,26.700001,26.299999,26.700001,23.913149,31535903
2013-01-21,26.500000,26.900000,26.400000,26.750000,23.957933,14116291
2013-01-22,26.700001,27.000000,26.450001,26.799999,24.002714,16253383
2013-01-23,26.600000,26.850000,26.500000,26.750000,23.957933,21469570
2013-01-24,26.400000,26.799999,26.350000,26.450001,23.689245,22178419
2013-01-25,26.450001,26.500000,25.549999,25.650000,22.972744,50246680
2013-01-28,25.549999,26.049999,25.549999,25.900000,23.196650,26727026
2013-01-29,25.799999,26.100000,25.650000,25.750000,23.062305,28546438
2013-01-30,25.850000,26.400000,25.850000,26.049999,23.330994,34806657
2013-01-31,25.900000,26.049999,25.650000,26.000000,23.286217,25220395
2013-02-01,25.850000,26.000000,25.250000,25.900000,23.196650,53440152
2013-02-04,26.100000,26.299999,25.100000,25.400000,22.748838,45381195
2013-02-05,25.049999,25.049999,24.799999,24.850000,22.256247,39347387
2013-02-06,24.950001,25.150000,24.700001,24.750000,22.166683,30471036
2013-02-07,24.600000,24.700001,24.299999,24.350000,21.808437,35564728
2013-02-08,24.200001,24.799999,24.200001,24.500000,21.942778,33150329
2013-02-14,24.450001,24.750000,24.250000,24.450001,21.898001,36834533
2013-02-15,24.299999,24.950001,24.299999,24.850000,22.256247,20376466
2013-02-18,24.900000,25.000000,24.500000,24.549999,21.987560,23226863
2013-02-19,24.500000,24.500000,23.700001,23.750000,21.271061,54710156
2013-02-20,23.700001,24.100000,23.549999,23.799999,21.315844,35461644
2013-02-21,23.450001,23.450001,23.100000,23.250000,20.823250,46395776
2013-02-22,23.200001,23.500000,23.100000,23.100000,20.688906,29046219
2013-02-25,23.200001,23.450001,23.200001,23.299999,20.868029,17351233
2013-02-26,22.950001,23.150000,22.500000,22.600000,20.241093,45420967
2013-02-27,22.750000,22.900000,22.500000,22.750000,20.375437,30833272
2013-02-28,23.100000,23.549999,22.850000,23.299999,20.868029,50686680
2013-03-01,22.900000,23.549999,22.850000,23.150000,20.733686,53487314
2013-03-04,22.950001,23.049999,22.350000,22.700001,20.330658,40124588
2013-03-05,22.799999,22.950001,22.500000,22.700001,20.330658,34191311
2013-03-06,22.950001,23.150000,22.799999,22.950001,20.554562,31766524
2013-03-07,22.799999,23.049999,22.600000,22.750000,20.375437,22734282
2013-03-08,22.850000,23.350000,22.850000,23.299999,20.868029,31772634
2013-03-11,23.299999,23.299999,23.299999,23.299999,20.868029,0
2013-03-12,23.299999,23.549999,22.500000,22.549999,20.196310,60061937
2013-03-13,22.549999,22.700001,21.900000,22.100000,19.793283,49453987
2013-03-14,21.950001,22.299999,21.700001,22.200001,19.882847,48301914
2013-03-15,22.200001,22.450001,21.750000,21.950001,19.658939,50015933
2013-03-18,21.450001,21.650000,21.049999,21.100000,18.897657,50679758
2013-03-19,21.200001,21.450001,20.799999,21.000000,18.808098,45157709
2013-03-20,20.900000,21.700001,20.799999,21.600000,19.345470,31491271
2013-03-21,21.450001,22.000000,21.400000,21.450001,19.211126,23176967
2013-03-22,21.500000,21.500000,21.000000,21.250000,19.032001,24300835
2013-03-25,21.400000,21.500000,20.900000,21.049999,18.852877,35485118
2013-03-26,20.700001,20.900000,20.549999,20.750000,18.584192,49934654
2013-03-27,20.650000,21.100000,20.500000,20.700001,18.539410,45428549
2013-03-28,20.750000,20.750000,20.049999,20.100000,18.002035,74071297
2013-04-02,19.900000,20.500000,19.900000,20.100000,18.002035,36234599
2013-04-03,20.200001,20.250000,19.920000,20.049999,17.957251,32293971
2013-04-05,19.799999,19.799999,19.219999,19.360001,17.339273,53933940
2013-04-08,19.299999,19.500000,19.100000,19.260000,17.249710,33114538
2013-04-09,19.320000,20.700001,19.320000,20.100000,18.002035,60939588
2013-04-10,20.250000,21.100000,20.150000,20.950001,18.763313,62630241
2013-04-11,21.049999,21.350000,20.400000,20.600000,18.449846,49846604
2013-04-12,20.549999,20.700001,20.000000,20.450001,18.315504,23225375
2013-04-15,20.200001,20.450001,19.920000,20.150000,18.046816,34504271
2013-04-16,19.920000,20.700001,19.840000,20.450001,18.315504,32950832
2013-04-17,20.450001,20.549999,20.100000,20.150000,18.046816,28550676
2013-04-18,19.900000,20.350000,19.900000,20.000000,17.912470,20442122
2013-04-19,20.000000,20.850000,20.000000,20.700001,18.539410,34237498
2013-04-22,20.500000,20.650000,20.100000,20.299999,18.181160,28816861
2013-04-23,20.400000,20.400000,19.920000,20.100000,18.002035,28443417
2013-04-24,20.299999,20.650000,20.200001,20.450001,18.315504,31206867
2013-04-25,20.700001,20.900000,20.450001,20.600000,18.449846,34807074
2013-04-26,21.200001,21.350000,20.900000,20.900000,18.718533,55934701
2013-04-29,21.000000,21.049999,20.799999,20.950001,18.763313,22621663
2013-04-30,21.200001,21.450001,21.100000,21.200001,18.987221,38035932
2013-05-02,21.150000,21.299999,20.850000,21.150000,18.942438,24007929
2013-05-03,21.500000,21.500000,21.000000,21.049999,18.852877,27533417
2013-05-06,21.450001,21.549999,21.200001,21.299999,19.076782,29871239
2013-05-07,21.200001,21.600000,21.049999,21.600000,19.345470,31908272
2013-05-08,21.750000,22.450001,21.650000,22.299999,19.972404,64783502
2013-05-09,22.400000,22.500000,21.750000,22.100000,19.793283,48541940
2013-05-10,21.900000,22.250000,21.850000,22.200001,19.882847,29208173
2013-05-13,22.000000,22.000000,21.400000,21.500000,19.255905,44069821
2013-05-14,21.750000,21.799999,21.200001,21.400000,19.166346,25602085
2013-05-15,21.600000,21.750000,21.500000,21.600000,19.345470,24138868
2013-05-16,21.400000,21.650000,21.049999,21.350000,19.121563,28354331
2013-05-20,21.600000,22.000000,21.600000,21.900000,19.614157,40963549
2013-05-21,21.799999,21.850000,21.549999,21.650000,19.390251,24385572
2013-05-22,21.500000,21.799999,21.299999,21.600000,19.345470,24522629
2013-05-23,21.250000,21.600000,20.750000,21.049999,18.852877,51088166
2013-05-24,21.049999,21.150000,20.500000,20.799999,18.628969,25173209
2013-05-27,20.650000,20.950001,20.600000,20.799999,18.628969,15608534
2013-05-28,20.700001,21.150000,20.600000,21.049999,18.852877,29682488
2013-05-29,20.900000,21.000000,20.600000,20.700001,18.539410,35148982
2013-05-30,20.799999,20.900000,20.250000,20.600000,18.449846,37499659
2013-05-31,20.600000,20.600000,20.000000,20.049999,17.957251,45048692
2013-06-03,19.959999,20.100000,19.820000,19.840000,17.769173,47446243
2013-06-04,20.000000,20.000000,19.620001,19.940001,17.858736,34924056
2013-06-05,19.719999,20.100000,19.680000,19.980000,17.894560,28009543
2013-06-06,19.719999,19.840000,19.680000,19.780001,17.715435,27507712
2013-06-07,19.700001,19.700001,19.280001,19.400000,17.498953,37973135
2013-06-10,19.400000,19.540001,19.240000,19.379999,17.480911,25042091
2013-06-11,19.280001,19.600000,19.280001,19.340000,17.444832,32073489
2013-06-13,19.000000,19.080000,18.500000,18.980000,17.120108,56152698
2013-06-14,19.240000,19.280001,18.799999,19.020000,17.156191,36047069
2013-06-17,18.940001,19.480000,18.920000,19.200001,17.318552,24377892
2013-06-18,19.000000,19.180000,18.879999,19.160000,17.282469,24984586
2013-06-19,19.020000,19.139999,18.740000,18.900000,17.047949,37184998
2013-06-20,18.520000,18.600000,18.340000,18.520000,16.705189,46785885
2013-06-21,18.080000,18.639999,18.080000,18.520000,16.705189,65661090
2013-06-24,18.139999,18.379999,17.719999,17.920000,16.163980,59996561
2013-06-25,17.660000,17.920000,17.000000,17.719999,15.983579,88121158
2013-06-26,18.059999,18.160000,17.680000,18.000000,16.236143,54099357
2013-06-27,18.040001,18.440001,17.860001,17.959999,16.200062,45377002
2013-06-28,18.139999,18.540001,18.020000,18.400000,16.596945,49313547
2013-07-02,18.400000,18.500000,18.020000,18.080000,16.308304,34693237
2013-07-03,17.760000,17.799999,17.299999,17.500000,15.785137,61176651
2013-07-04,17.660000,18.000000,17.580000,17.580000,15.857298,24997313
2013-07-05,17.760000,18.139999,17.760000,17.959999,16.200062,20677118
2013-07-08,17.900000,17.900000,17.360001,17.680000,15.947499,32118711
2013-07-09,17.719999,17.840000,17.459999,17.520000,15.803180,27272459
2013-07-10,17.660000,17.820000,17.200001,17.760000,16.019661,39953776
2013-07-11,18.000000,19.100000,18.000000,18.900000,17.047949,69235939
2013-07-12,19.000000,19.100000,18.420000,18.520000,16.705189,36390926
2013-07-15,18.440001,18.920000,18.440001,18.540001,16.723227,21311279
2013-07-16,18.660000,18.799999,18.500000,18.540001,16.723227,21873554
2013-07-17,18.660000,18.799999,18.580000,18.680000,16.849508,19154615
2013-07-18,18.639999,18.700001,18.320000,18.440001,16.633028,25588899
2013-07-19,18.400000,18.540001,18.080000,18.360001,16.560865,23467411
2013-07-22,18.559999,18.559999,18.139999,18.280001,16.488707,19565312
2013-07-23,18.400000,18.840000,18.400000,18.760000,16.921669,52663672
2013-07-24,18.820000,18.820000,18.360001,18.680000,16.849508,24091946
2013-07-25,18.580000,18.700001,18.459999,18.580000,16.759304,20051942
2013-07-26,18.480000,18.719999,18.400000,18.680000,16.849508,17919934
2013-07-29,18.500000,18.600000,18.219999,18.440001,16.633028,17838926
2013-07-30,18.540001,18.700001,18.360001,18.440001,16.633028,23008498
2013-07-31,18.760000,18.920000,18.580000,18.600000,16.777348,35719492
2013-08-01,18.700001,18.879999,18.620001,18.760000,16.921669,17552742
2013-08-02,18.980000,19.020000,18.520000,18.600000,16.777348,25750263
2013-08-05,18.600000,18.780001,18.540001,18.620001,16.795389,19812246
2013-08-06,18.500000,18.700001,18.299999,18.580000,16.759304,22980051
2013-08-07,18.340000,18.600000,18.200001,18.260000,16.470665,23691542
2013-08-08,18.340000,18.540001,18.240000,18.280001,16.488707,15204807
2013-08-09,18.379999,18.520000,18.379999,18.520000,16.705189,15204553
2013-08-12,18.500000,19.340000,18.400000,19.260000,17.372673,57560226
2013-08-13,19.360001,19.920000,19.299999,19.780001,17.841717,66173699
2013-08-14,19.780001,19.780001,19.780001,19.780001,17.841717,0
2013-08-15,19.680000,19.959999,19.680000,19.760000,17.823677,42304411
2013-08-16,19.680000,20.350000,19.500000,19.980000,18.022116,43149836
2013-08-19,19.799999,20.299999,19.760000,20.000000,18.040159,23108071
2013-08-20,19.860001,20.200001,19.160000,19.219999,17.336592,38739062
2013-08-21,19.280001,19.299999,18.940001,19.080000,17.210310,30441209
2013-08-22,18.760000,19.420000,18.760000,19.240000,17.354633,27327815
2013-08-23,19.459999,19.620001,19.100000,19.260000,17.372673,22919158
2013-08-26,19.400000,19.760000,19.280001,19.700001,17.769558,27739433
2013-08-27,19.600000,19.719999,19.420000,19.540001,17.625237,20206406
2013-08-28,19.240000,19.500000,19.020000,19.160000,17.282469,28215503
2013-08-29,19.459999,19.520000,19.080000,19.120001,17.246393,22040415
2013-08-30,18.920000,19.240000,18.900000,19.040001,17.174234,26413995
2013-09-02,19.320000,19.580000,19.320000,19.540001,17.625237,28873552
2013-09-03,19.660000,20.150000,19.639999,20.049999,18.085258,50155188
2013-09-04,19.820000,20.500000,19.719999,20.200001,18.220560,42989578
2013-09-05,20.500000,20.700001,20.350000,20.500000,18.491161,50272640
2013-09-06,20.450001,20.650000,20.400000,20.549999,18.536263,27217430
2013-09-09,20.750000,21.049999,20.700001,20.799999,18.761763,41797028
2013-09-10,21.150000,21.200001,21.000000,21.100000,19.032368,38125479
2013-09-11,21.299999,21.400000,20.799999,21.100000,19.032368,34858562
2013-09-12,21.250000,21.350000,21.100000,21.250000,19.167665,27792242
2013-09-13,21.049999,21.200001,20.750000,21.200001,19.122568,28978819
2013-09-16,21.500000,21.600000,21.350000,21.450001,19.348068,34825106
2013-09-17,21.400000,21.450001,20.850000,21.049999,18.987265,29619801
2013-09-18,21.100000,21.100000,20.700001,20.850000,18.806864,29690150
2013-09-19,21.400000,21.400000,21.100000,21.200001,19.122568,30438233
2013-09-23,21.200001,21.299999,20.799999,21.250000,19.167665,22619227
2013-09-24,21.350000,21.350000,20.799999,21.049999,18.987265,20267661
2013-09-25,21.000000,21.250000,20.950001,21.000000,18.942167,17575346
2013-09-26,20.950001,21.000000,20.700001,20.799999,18.761763,21806249
2013-09-27,20.900000,20.900000,20.299999,20.549999,18.536263,29052829
2013-09-30,20.250000,20.250000,19.959999,20.100000,18.130360,35019114
2013-10-02,19.980000,20.350000,19.980000,20.049999,18.085258,22396214
2013-10-03,20.150000,20.700001,20.150000,20.600000,18.581362,21370479
2013-10-04,20.400000,20.650000,20.250000,20.600000,18.581362,10781394
2013-10-07,20.600000,20.600000,20.100000,20.450001,18.446060,18677770
2013-10-08,20.450001,20.850000,20.250000,20.600000,18.581362,16929418
2013-10-09,20.350000,20.549999,20.299999,20.500000,18.491161,12007894
2013-10-10,20.500000,20.600000,20.049999,20.350000,18.355862,18295536
2013-10-11,20.750000,20.850000,20.549999,20.700001,18.671566,19261820
2013-10-15,20.950001,20.950001,20.700001,20.850000,18.806864,16592931
2013-10-16,20.799999,20.799999,20.500000,20.650000,18.626463,16482835
2013-10-17,20.750000,20.799999,20.350000,20.400000,18.400961,19118042
2013-10-18,20.450001,20.650000,20.350000,20.500000,18.491161,14413473
2013-10-21,20.500000,20.700001,20.400000,20.500000,18.491161,13351773
2013-10-22,20.350000,20.600000,20.250000,20.400000,18.400961,12159845
2013-10-23,20.600000,20.700001,20.049999,20.049999,18.085258,26089019
2013-10-24,20.000000,20.000000,19.799999,19.820000,17.877796,28313224
2013-10-25,19.639999,19.780001,19.520000,19.620001,17.697397,22851515
2013-10-28,19.900000,20.250000,19.900000,19.980000,18.022116,30353602
2013-10-29,19.980000,20.250000,19.980000,20.100000,18.130360,21694073
2013-10-30,20.100000,20.750000,20.100000,20.700001,18.671566,31341337
2013-10-31,20.350000,20.700001,20.350000,20.600000,18.581362,22489046
2013-11-01,20.549999,21.100000,20.500000,20.950001,18.897068,32740854
2013-11-04,21.100000,21.299999,21.000000,21.150000,19.077467,30418328
2013-11-05,21.299999,21.299999,20.750000,21.100000,19.032368,35649572
2013-11-06,20.900000,21.100000,20.750000,20.950001,18.897068,29927404
2013-11-07,20.799999,20.900000,20.500000,20.700001,18.671566,20232175
2013-11-08,20.450001,20.600000,20.350000,20.500000,18.491161,20922495
2013-11-11,20.500000,20.950001,20.250000,20.850000,18.806864,24437078
2013-11-12,20.950001,21.100000,20.700001,20.950001,18.897068,26354032
2013-11-13,20.799999,20.799999,20.299999,20.400000,18.400961,33021317
2013-11-14,20.549999,20.650000,20.350000,20.600000,18.581362,14556002
2013-11-15,20.700001,21.299999,20.700001,21.250000,19.167665,54062571
2013-11-18,21.850000,23.250000,21.850000,23.100000,20.836384,167071397
2013-11-19,24.200001,24.450001,23.549999,24.200001,21.828592,199193261
2013-11-20,24.500000,24.750000,24.350000,24.350000,21.963892,87014216
2013-11-21,24.400000,24.500000,23.799999,24.350000,21.963892,55264065
2013-11-22,24.500000,25.200001,24.400000,25.000000,22.550200,86219456
2013-11-25,25.100000,25.100000,24.700001,24.950001,22.505098,46064701
2013-11-26,24.799999,25.000000,24.549999,24.650000,22.234495,36230278
2013-11-27,24.650000,25.000000,24.400000,24.900000,22.459997,40537402
2013-11-28,25.100000,25.299999,24.750000,24.900000,22.459997,35050483
2013-11-29,25.150000,25.150000,24.700001,25.000000,22.550200,21848715
2013-12-02,25.100000,25.799999,24.950001,25.700001,23.181602,61745448
2013-12-03,25.299999,25.750000,25.150000,25.549999,23.046299,43146210
2013-12-04,25.299999,25.799999,24.700001,25.549999,23.046299,38004985
2013-12-05,25.600000,25.600000,25.200001,25.450001,22.956102,21326329
2013-12-06,25.250000,25.799999,25.250000,25.350000,22.865900,30783838
2013-12-09,25.750000,25.799999,25.400000,25.600000,23.091402,28621348
2013-12-10,25.500000,25.750000,25.450001,25.500000,23.001202,22373392
2013-12-11,25.350000,25.400000,24.350000,24.650000,22.234495,52303439
2013-12-12,24.299999,24.650000,24.000000,24.400000,22.008991,34861045
2013-12-13,24.200001,25.100000,24.000000,24.950001,22.505098,41238780
2013-12-16,24.799999,24.799999,24.250000,24.600000,22.189394,28096784
2013-12-17,24.750000,24.850000,24.250000,24.350000,21.963892,26810339
2013-12-18,24.350000,24.900000,24.200001,24.700001,22.279596,32277973
2013-12-19,25.299999,25.299999,23.799999,24.100000,21.738390,49153883
2013-12-20,24.000000,24.100000,23.200001,23.450001,21.152086,68961908
2013-12-23,23.600000,23.950001,23.100000,23.549999,21.242285,25882466
2013-12-24,23.650000,24.200001,23.600000,24.100000,21.738390,18658492
2013-12-27,24.000000,24.500000,23.950001,24.350000,21.963892,19451612
2013-12-30,24.450001,24.549999,23.950001,24.100000,21.738390,20360627
2013-12-31,24.049999,24.400000,24.049999,24.250000,21.873692,12625049
2014-01-02,24.350000,24.450001,23.600000,23.850000,21.512890,21343717
2014-01-03,23.400000,23.450001,22.900000,23.049999,20.791283,40888109
2014-01-06,22.750000,22.850000,22.350000,22.750000,20.520679,28524776
2014-01-07,22.500000,22.750000,22.350000,22.450001,20.250076,37145416
2014-01-08,22.450001,22.950001,22.299999,22.750000,20.520679,28736373
2014-01-09,22.500000,22.650000,22.049999,22.150000,19.979477,30007662
2014-01-10,21.900000,22.400000,21.850000,22.049999,19.889273,29008837
2014-01-13,22.350000,22.350000,21.799999,22.049999,19.889273,18375543
2014-01-14,21.700001,22.500000,21.700001,22.450001,20.250076,29651275
2014-01-15,22.700001,23.049999,22.549999,22.750000,20.520679,29359386
2014-01-16,22.600000,23.000000,22.549999,22.900000,20.655979,27293622
2014-01-17,22.500000,23.049999,22.350000,22.650000,20.430479,35709082
2014-01-20,22.299999,22.700001,22.200001,22.450001,20.250076,27143202
2014-01-21,22.600000,23.049999,22.500000,22.900000,20.655979,27486426
2014-01-22,22.700001,23.450001,22.650000,23.299999,21.016781,33432839
2014-01-23,23.400000,23.549999,22.650000,22.900000,20.655979,36080759
2014-01-24,22.450001,22.900000,22.350000,22.450001,20.250076,34041532
2014-01-27,21.950001,22.100000,21.600000,21.799999,19.663773,41002018
2014-01-28,22.000000,22.000000,21.299999,21.350000,19.257870,39640557
2014-01-29,21.549999,21.700001,21.250000,21.350000,19.257870,24443594
2014-01-30,21.100000,21.250000,20.750000,21.200001,19.122568,24920028
2014-02-04,20.150000,20.549999,20.100000,20.400000,18.400961,43923863
2014-02-05,20.500000,20.600000,20.049999,20.250000,18.265657,27609841
2014-02-06,20.150000,20.500000,20.150000,20.350000,18.355862,16853691
2014-02-07,20.450001,20.700001,20.400000,20.549999,18.536263,25406715
2014-02-10,20.450001,20.900000,20.400000,20.549999,18.536263,21955886
2014-02-11,20.450001,21.900000,20.450001,21.600000,19.483372,57434077
2014-02-12,22.000000,22.000000,21.650000,21.799999,19.663773,35148107
2014-02-13,21.600000,21.750000,21.200001,21.500000,19.393169,20190307
2014-02-14,21.799999,21.900000,21.500000,21.600000,19.483372,18434311
2014-02-17,22.450001,23.500000,22.400000,22.850000,20.610880,76072158
2014-02-18,23.200001,23.200001,22.700001,23.100000,20.836384,31181198
2014-02-19,22.900000,23.299999,22.750000,23.049999,20.791283,22875218
2014-02-20,22.900000,23.500000,22.500000,22.799999,20.565779,43559230
2014-02-21,23.100000,23.150000,22.549999,22.850000,20.610880,25267912
2014-02-24,22.700001,22.700001,22.150000,22.650000,20.430479,24829128
2014-02-25,22.900000,22.900000,22.100000,22.350000,20.159876,20955013
2014-02-26,22.299999,22.650000,22.049999,22.500000,20.295176,26884095
2014-02-27,22.500000,22.799999,22.400000,22.650000,20.430479,28329481
2014-02-28,22.700001,22.900000,22.150000,22.700001,20.475578,28908581
2014-03-03,22.150000,22.600000,21.850000,22.000000,19.844175,35490994
2014-03-04,22.049999,22.600000,21.950001,22.150000,19.979477,32062768
2014-03-05,22.350000,22.500000,21.850000,22.200001,20.024576,28977449
2014-03-06,21.950001,22.450001,21.950001,22.100000,19.934376,27998514
2014-03-07,22.100000,22.350000,21.850000,21.900000,19.753971,31419246
2014-03-10,21.500000,21.650000,21.200001,21.400000,19.302969,24223912
2014-03-11,21.200001,21.500000,21.200001,21.450001,19.348068,19273967
2014-03-12,20.900000,21.049999,20.650000,20.700001,18.671566,41578574
2014-03-13,20.799999,21.000000,20.250000,20.450001,18.446060,36543233
2014-03-14,20.299999,20.650000,20.200001,20.250000,18.265657,39569038
2014-03-17,20.100000,20.799999,20.100000,20.350000,18.355862,20111451
2014-03-18,20.500000,20.850000,20.500000,20.650000,18.626463,24408767
2014-03-19,20.500000,20.750000,20.350000,20.650000,18.626463,19560507
2014-03-20,20.450001,20.500000,20.049999,20.150000,18.175459,24798847
2014-03-21,20.250000,20.750000,20.000000,20.350000,18.355862,43470565
2014-03-24,20.799999,21.400000,20.549999,21.150000,19.077467,38161060
2014-03-25,20.950001,21.549999,20.850000,21.150000,19.077467,21953191
2014-03-26,20.950001,21.500000,20.850000,21.200001,19.122568,41910510
2014-03-27,21.350000,21.750000,21.100000,21.400000,19.302969,36808173
2014-03-28,21.650000,21.950001,21.600000,21.650000,19.528471,30991059
2014-03-31,21.799999,22.000000,21.600000,21.950001,19.799076,23290779
2014-04-01,21.950001,22.100000,21.650000,21.900000,19.753971,24273366
2014-04-02,21.900000,22.150000,21.650000,21.850000,19.708870,18061407
2014-04-03,22.000000,22.200001,21.700001,21.750000,19.618671,19117771
2014-04-04,21.900000,22.150000,21.700001,21.850000,19.708870,21124988
2014-04-07,22.000000,22.450001,22.000000,22.200001,20.024576,30904161
2014-04-08,22.350000,22.700001,22.250000,22.500000,20.295176,25703430
2014-04-09,22.700001,22.799999,22.350000,22.500000,20.295176,25059284
2014-04-10,22.450001,23.000000,22.250000,22.750000,20.520679,49191303
2014-04-11,22.100000,22.299999,21.100000,21.549999,19.438269,71394100
2014-04-14,21.600000,21.850000,21.299999,21.750000,19.618671,24320597
2014-04-15,21.650000,21.750000,21.200001,21.250000,19.167665,24380882
2014-04-16,21.150000,21.500000,21.049999,21.200001,19.122568,19594711
2014-04-17,21.350000,21.350000,20.950001,21.150000,19.077467,27239457
2014-04-22,20.900000,21.250000,20.799999,21.000000,18.942167,12901641
2014-04-23,21.100000,21.150000,20.549999,20.750000,18.716665,16442192
2014-04-24,20.900000,21.100000,20.650000,20.750000,18.716665,15276669
2014-04-25,20.650000,20.850000,20.350000,20.450001,18.446060,19723081
2014-04-28,20.350000,20.549999,19.820000,20.000000,18.040159,47132630
2014-04-29,20.200001,20.450001,20.000000,20.400000,18.400961,26403177
2014-04-30,20.299999,20.400000,19.799999,19.980000,18.022116,35467826
2014-05-02,19.959999,20.299999,19.840000,20.049999,18.085258,16863737
2014-05-05,20.049999,20.350000,19.820000,19.940001,17.986038,16214967
2014-05-07,19.980000,19.980000,19.740000,19.780001,17.841717,29052037
2014-05-08,19.940001,20.350000,19.900000,20.049999,18.085258,25540005
2014-05-09,20.049999,20.250000,19.900000,19.959999,18.004078,24517450
2014-05-12,20.100000,20.500000,19.760000,20.350000,18.355862,31964836
2014-05-13,20.500000,20.549999,20.049999,20.200001,18.220560,18326681
2014-05-14,20.299999,20.450001,19.959999,20.250000,18.265657,29749348
2014-05-15,20.200001,20.299999,19.959999,20.150000,18.175459,23446201
2014-05-16,19.860001,20.049999,19.799999,20.049999,18.085258,25044696
2014-05-19,19.959999,20.000000,19.719999,19.940001,17.986038,19198626
2014-05-20,20.049999,20.200001,19.860001,19.980000,18.022116,26175667
2014-05-21,19.959999,20.150000,19.820000,20.049999,18.085258,20022260
2014-05-22,20.299999,20.799999,20.200001,20.450001,18.446060,43590236
2014-05-23,20.450001,20.600000,20.299999,20.450001,18.446060,14593846
2014-05-26,20.600000,20.700001,20.350000,20.500000,18.491161,11988354
2014-05-27,20.500000,20.600000,20.200001,20.350000,18.355862,14179875
2014-05-28,20.549999,21.049999,20.299999,20.950001,18.897068,48449477
2014-05-29,21.150000,21.549999,20.950001,21.150000,19.077467,52655535
2014-05-30,21.350000,21.500000,20.950001,21.299999,19.212767,42581725
2014-06-03,21.299999,21.350000,21.000000,21.299999,19.558979,32380263
2014-06-04,21.250000,21.250000,20.950001,21.049999,19.329412,20662895
2014-06-05,20.950001,21.500000,20.950001,21.350000,19.604895,24501540
2014-06-06,21.500000,21.500000,21.049999,21.299999,19.558979,24919193
2014-06-09,21.299999,21.500000,21.150000,21.350000,19.604895,19229559
2014-06-10,21.350000,22.000000,21.250000,21.799999,20.018110,43953286
2014-06-11,21.650000,21.750000,21.400000,21.650000,19.880371,20394428
2014-06-12,21.450001,21.600000,21.200001,21.350000,19.604895,20534626
2014-06-13,21.200001,21.549999,21.200001,21.400000,19.650806,24789366
2014-06-16,21.400000,21.799999,21.400000,21.600000,19.834461,18800107
2014-06-17,21.500000,21.600000,21.299999,21.500000,19.742632,18589943
2014-06-18,21.400000,21.549999,21.100000,21.250000,19.513067,25896191
2014-06-19,21.500000,21.500000,20.799999,20.900000,19.191675,25279575
2014-06-20,20.900000,21.200001,20.850000,21.000000,19.283501,26510426
2014-06-23,21.100000,21.450001,20.250000,20.350000,18.686632,59114646
2014-06-24,20.500000,20.700001,20.350000,20.400000,18.732542,22915355
2014-06-25,20.350000,20.600000,20.200001,20.299999,18.640717,19130150
2014-06-26,20.400000,20.650000,20.250000,20.500000,18.824371,33304752
2014-06-27,20.450001,20.549999,20.049999,20.400000,18.732542,30571552
2014-06-30,20.450001,20.600000,20.150000,20.299999,18.640717,21597789
2014-07-02,20.549999,20.900000,20.450001,20.799999,19.099848,31336366
2014-07-03,20.799999,21.049999,20.650000,20.950001,19.237591,19178754
2014-07-04,21.000000,21.150000,20.750000,20.900000,19.191675,14575223
2014-07-07,20.850000,21.049999,20.750000,20.900000,19.191675,18852704
2014-07-08,20.900000,21.000000,20.549999,20.799999,19.099848,19252007
2014-07-09,20.549999,20.850000,20.500000,20.600000,18.916197,16590980
2014-07-10,20.799999,20.950001,20.650000,20.850000,19.145761,21799792
2014-07-11,20.750000,20.950001,20.600000,20.799999,19.099848,12709330
2014-07-14,20.900000,21.100000,20.750000,20.950001,19.237591,16017076
2014-07-15,21.049999,21.100000,20.799999,20.950001,19.237591,12174710
2014-07-16,20.950001,21.000000,20.500000,20.700001,19.008024,25758755
2014-07-17,20.650000,20.700001,20.400000,20.549999,18.870285,18960708
2014-07-18,20.500000,20.600000,20.299999,20.500000,18.824371,14268665
2014-07-21,20.400000,20.500000,20.250000,20.250000,18.594805,20246800
2014-07-22,20.350000,20.950001,20.299999,20.850000,19.145761,36238094
2014-07-23,20.950001,21.500000,20.900000,21.450001,19.696718,49540388
2014-07-24,21.549999,22.200001,21.500000,22.000000,20.201763,76110492
2014-07-25,22.150000,22.350000,21.700001,22.100000,20.293591,32641937
2014-07-28,22.100000,22.350000,22.049999,22.200001,20.385416,31511704
2014-07-29,22.350000,23.100000,22.250000,22.900000,21.028198,71584691
2014-07-30,23.000000,23.350000,22.850000,22.950001,21.074114,64289495
2014-07-31,23.299999,23.400000,22.799999,23.350000,21.441418,57680733
2014-08-01,23.100000,23.299999,22.850000,23.000000,21.120026,39106206
2014-08-04,23.200001,23.650000,22.950001,23.250000,21.349590,36293806
2014-08-05,23.200001,23.400000,22.850000,23.049999,21.165939,27474776
2014-08-06,22.799999,22.950001,22.500000,22.900000,21.028198,30052836
2014-08-07,22.650000,23.000000,22.600000,22.700001,20.844547,23029332
2014-08-08,22.549999,22.750000,22.150000,22.500000,20.660894,23235474
2014-08-11,22.850000,23.200001,22.750000,23.100000,21.211851,26078803
2014-08-12,23.049999,23.100000,22.750000,22.950001,21.074114,18315701
2014-08-13,22.900000,23.400000,22.600000,23.350000,21.441418,35682967
2014-08-14,23.299999,23.450001,22.799999,23.000000,21.120026,33996469
2014-08-15,23.200001,23.200001,22.900000,22.950001,21.074114,17422510
2014-08-18,22.900000,23.299999,22.700001,23.250000,21.349590,33196466
2014-08-19,23.500000,23.500000,22.950001,23.100000,21.211851,22740502
2014-08-20,23.100000,23.150000,22.799999,22.900000,21.028198,23341982
2014-08-21,22.850000,22.850000,22.400000,22.600000,20.752722,25561106
2014-08-22,22.700001,22.850000,22.600000,22.799999,20.936371,19715706
2014-08-25,22.650000,22.850000,22.400000,22.750000,20.890459,16211137
2014-08-26,22.799999,23.000000,22.750000,22.900000,21.028198,22134486
2014-08-27,23.000000,23.049999,22.549999,22.650000,20.798632,21563234
2014-08-28,22.900000,23.200001,22.350000,22.500000,20.660894,39398508
2014-08-29,22.350000,22.549999,22.150000,22.250000,20.431328,35724567
2014-09-01,22.100000,22.450001,21.900000,22.150000,20.339504,33159306
2014-09-02,22.150000,22.250000,21.799999,22.250000,20.431328,26846899
2014-09-03,22.500000,23.150000,22.299999,23.049999,21.165939,45061191
2014-09-04,23.150000,23.799999,23.049999,23.700001,21.762808,69356224
2014-09-05,23.900000,23.900000,23.350000,23.549999,21.625069,43897734
2014-09-08,23.750000,24.000000,23.700001,23.950001,21.992376,37289642
2014-09-10,23.950001,23.950001,23.049999,23.299999,21.395504,42794852
2014-09-11,23.299999,23.500000,22.850000,23.049999,21.165939,27797146
2014-09-12,23.150000,23.350000,23.000000,23.100000,21.211851,16330803
2014-09-15,22.950001,23.049999,22.500000,22.650000,20.798632,30609911
2014-09-16,22.500000,22.900000,22.450001,22.500000,20.660894,20989637
2014-09-17,23.000000,23.100000,22.700001,22.850000,20.982288,24249311
2014-09-18,22.700001,22.750000,22.500000,22.650000,20.798632,16865374
2014-09-19,22.700001,22.900000,22.350000,22.600000,20.752722,23327351
2014-09-22,22.250000,22.500000,22.049999,22.250000,20.431328,27449422
2014-09-23,22.150000,22.450001,22.100000,22.150000,20.339504,15014796
2014-09-24,21.950001,22.500000,21.900000,22.200001,20.385416,24014132
2014-09-25,22.299999,22.400000,22.049999,22.150000,20.339504,19659853
2014-09-26,22.000000,22.299999,21.950001,22.000000,20.201763,20873121
2014-09-29,21.600000,21.900000,21.400000,21.850000,20.064022,38034269
2014-09-30,21.650000,21.750000,21.450001,21.549999,19.788544,31870462
2014-10-03,21.350000,21.900000,21.200001,21.650000,19.880371,33302398
2014-10-06,21.400000,21.950001,21.299999,21.750000,19.972198,19837093
2014-10-07,21.650000,21.950001,21.650000,21.850000,20.064022,18219756
2014-10-08,21.650000,22.000000,21.500000,21.850000,20.064022,16968937
2014-10-09,22.049999,22.400000,21.799999,21.900000,20.109936,22981957
2014-10-10,21.549999,21.700001,21.500000,21.549999,19.788544,18495137
2014-10-13,21.400000,21.850000,21.350000,21.549999,19.788544,12763395
2014-10-14,21.750000,21.900000,21.450001,21.450001,19.696718,13665905
2014-10-15,21.500000,21.750000,21.350000,21.500000,19.742632,12883530
2014-10-16,21.200001,21.450001,21.000000,21.250000,19.513067,17742026
2014-10-17,21.450001,21.600000,21.049999,21.400000,19.650806,21505233
2014-10-20,21.700001,21.799999,21.500000,21.549999,19.788544,15331686
2014-10-21,21.650000,21.799999,21.450001,21.600000,19.834461,12664102
2014-10-22,21.750000,22.100000,21.700001,21.900000,20.109936,22011760
2014-10-23,21.850000,22.150000,21.750000,22.000000,20.201763,11797923
2014-10-24,21.850000,22.100000,21.650000,21.850000,20.064022,16157637
2014-10-27,21.900000,21.900000,21.600000,21.799999,20.018110,13264979
2014-10-28,21.850000,22.600000,21.799999,22.350000,20.523153,32482815
2014-10-29,22.600000,23.000000,22.600000,22.850000,20.982288,35546661
2014-10-30,23.000000,23.000000,22.400000,22.650000,20.798632,23034744
2014-10-31,23.000000,23.250000,22.850000,23.200001,21.303679,41215642
2014-11-03,23.299999,23.350000,22.850000,23.000000,21.120026,20100811
2014-11-04,22.950001,23.200001,22.700001,23.000000,21.120026,16189607
2014-11-05,23.250000,23.250000,22.850000,23.049999,21.165939,22425228
2014-11-06,23.049999,23.200001,22.750000,22.950001,21.074114,10998347
2014-11-07,22.900000,23.200001,22.450001,22.750000,20.890459,40750961
2014-11-10,23.400000,23.500000,22.750000,22.799999,20.936371,43851188
2014-11-11,22.950001,23.200001,22.799999,22.950001,21.074114,25407330
2014-11-12,22.799999,23.299999,22.650000,23.000000,21.120026,38378553
2014-11-13,23.000000,23.549999,23.000000,23.299999,21.395504,69526671
2014-11-14,23.299999,23.350000,22.900000,23.100000,21.211851,29400740
2014-11-17,23.500000,23.500000,22.600000,22.750000,20.890459,23282910
2014-11-18,22.850000,22.950001,22.549999,22.650000,20.798632,20547920
2014-11-19,22.500000,22.900000,22.500000,22.700001,20.844547,18794706
2014-11-20,22.799999,23.150000,22.549999,22.799999,20.936371,29222519
2014-11-21,22.799999,23.400000,22.650000,23.000000,21.120026,36990509
2014-11-24,24.000000,25.000000,23.850000,24.950001,22.910635,117793474
2014-11-25,24.900000,25.299999,24.799999,25.000000,22.956549,72253371
2014-11-26,24.950001,26.850000,24.900000,26.799999,24.609421,133090456
2014-11-27,27.000000,27.900000,26.700001,27.000000,24.793072,128282067
2014-11-28,27.000000,27.500000,26.799999,26.950001,24.747162,69131717
2014-12-01,26.200001,26.799999,25.500000,25.650000,23.553419,92590778
2014-12-02,26.000000,27.299999,25.750000,27.150000,24.930813,84630722
2014-12-03,27.400000,28.200001,26.350000,27.000000,24.793072,79049558
2014-12-04,27.299999,28.000000,26.750000,27.950001,25.665422,78681909
2014-12-05,28.150000,28.600000,27.650000,27.950001,25.665422,87947805
2014-12-08,28.150000,28.799999,27.650000,28.450001,26.124552,67264530
2014-12-09,27.900000,27.950001,26.549999,27.049999,24.838984,93418758
2014-12-10,27.250000,27.650000,26.950001,27.150000,24.930813,52724479
2014-12-11,26.850000,27.299999,26.600000,27.000000,24.793072,38469707
2014-12-12,27.100000,27.450001,26.700001,26.750000,24.563509,30710790
2014-12-15,26.500000,26.750000,25.950001,26.650000,24.471680,29807547
2014-12-16,26.549999,27.250000,26.250000,26.650000,24.471680,40407039
2014-12-17,26.850000,27.200001,26.500000,26.950001,24.747162,40316111
2014-12-18,27.400000,27.799999,27.100000,27.600000,25.344032,44945975
2014-12-19,28.000000,28.150000,27.600000,27.799999,25.527683,56393293
2014-12-22,27.900000,28.600000,27.900000,28.299999,25.986813,53449608
2014-12-23,28.150000,29.200001,28.049999,28.400000,26.078642,67442740
2014-12-24,28.500000,28.600000,27.799999,28.049999,25.757248,19397165
2014-12-29,29.500000,30.549999,29.500000,30.500000,28.006989,98924699
2014-12-30,30.600000,30.600000,29.549999,29.799999,27.364206,53844715
2014-12-31,29.799999,30.500000,29.549999,30.450001,27.961077,27286489
2015-01-02,30.500000,31.500000,30.250000,31.400000,28.833424,54783379
2015-01-05,31.000000,31.350000,30.150000,30.600000,28.098816,49163388
2015-01-06,30.350000,30.350000,29.150000,29.700001,27.272379,63115261
2015-01-07,29.549999,30.400000,29.150000,29.799999,27.364206,43300648
2015-01-08,29.750000,30.350000,29.400000,29.950001,27.501947,39979662
2015-01-09,30.500000,31.799999,30.150000,30.450001,27.961077,79288585
2015-01-12,30.600000,30.850000,29.799999,30.400000,27.915165,40158785
2015-01-13,30.299999,31.000000,30.150000,30.650000,28.144730,32981872
2015-01-14,30.750000,31.200001,30.299999,30.549999,28.052902,40163689
2015-01-15,30.549999,31.850000,30.450001,31.650000,29.062992,67140600
2015-01-16,31.500000,32.000000,31.150000,31.750000,29.154816,64495112
2015-01-19,30.799999,30.799999,28.600000,29.600000,27.180555,97654989
2015-01-20,30.400000,30.900000,29.750000,30.850000,28.328381,67257133
2015-01-21,30.950001,31.900000,30.900000,31.799999,29.200729,53752786
2015-01-22,32.000000,32.500000,31.650000,31.750000,29.154816,59322739
2015-01-23,32.299999,32.799999,32.099998,32.450001,29.797604,63594994
2015-01-26,32.099998,32.700001,31.950001,32.549999,29.889425,30807068
2015-01-27,32.700001,32.799999,31.600000,31.900000,29.292557,43463469
2015-01-28,31.799999,32.200001,31.150000,31.250000,28.695686,52707975
2015-01-29,30.549999,31.100000,30.400000,30.750000,28.236557,48936763
2015-01-30,31.000000,31.200001,30.500000,30.600000,28.098816,27581382
2015-02-02,29.900000,30.200001,29.500000,29.900000,27.456032,46627596
2015-02-03,30.100000,31.299999,29.600000,31.250000,28.695686,52640476
2015-02-04,31.850000,31.900000,30.700001,30.750000,28.236557,36281750
2015-02-05,31.850000,31.950001,30.850000,31.049999,28.512033,46041895
2015-02-06,31.299999,31.400000,30.600000,30.750000,28.236557,23986650
2015-02-09,30.200001,31.549999,30.100000,30.900000,28.374294,30617592
2015-02-10,30.799999,31.450001,30.700001,31.049999,28.512033,18571243
2015-02-11,31.250000,31.450001,30.850000,30.950001,28.420206,19291590
2015-02-12,31.000000,31.750000,30.799999,31.450001,28.879339,26612623
2015-02-13,31.750000,32.049999,31.450001,32.000000,29.384384,31619646
2015-02-16,32.099998,32.150002,31.750000,32.000000,29.384384,17042436
2015-02-17,31.900000,32.250000,31.799999,32.200001,29.568035,17104593
2015-02-18,32.150002,32.400002,32.049999,32.400002,29.751688,9012152
2015-02-23,32.400002,32.400002,31.750000,32.299999,29.659861,16278631
2015-02-24,32.150002,32.400002,32.049999,32.400002,29.751688,15225962
2015-02-25,32.650002,32.799999,32.250000,32.700001,30.027168,36669943
2015-02-26,32.799999,33.200001,32.200001,33.099998,30.394468,58185468
2015-02-27,33.099998,33.599998,32.849998,33.250000,30.532211,36303667
2015-03-02,33.799999,34.000000,33.150002,33.299999,30.578123,43328787
2015-03-03,33.299999,33.299999,32.000000,32.049999,29.430294,42415759
2015-03-04,32.000000,32.150002,31.150000,31.299999,28.741598,42482038
2015-03-05,31.250000,31.750000,30.799999,30.950001,28.420206,45368111
2015-03-06,31.000000,31.549999,30.900000,31.000000,28.466122,26708484
2015-03-09,30.750000,31.650000,30.500000,31.350000,28.787512,32517199
2015-03-10,31.250000,31.250000,30.500000,30.600000,28.098816,32794078
2015-03-11,30.350000,30.900000,30.299999,30.400000,27.915165,29331486
2015-03-12,30.650000,31.150000,30.549999,31.000000,28.466122,31695391
2015-03-13,31.250000,31.600000,31.100000,31.250000,28.695686,27001121
2015-03-16,31.150000,32.099998,31.049999,31.950001,29.338472,28908581
2015-03-17,32.200001,32.200001,31.400000,31.799999,29.200729,22818401
2015-03-18,32.000000,32.650002,31.700001,32.349998,29.705776,36244101
2015-03-19,32.549999,32.900002,32.400002,32.750000,30.073078,34046989
2015-03-20,33.000000,33.200001,32.400002,32.900002,30.210821,59729323
2015-03-23,33.200001,33.750000,33.099998,33.650002,30.899513,45207273
2015-03-24,33.650002,33.650002,32.650002,33.150002,30.440386,33776958
2015-03-25,33.200001,33.200001,32.000000,32.650002,29.981253,49467922
2015-03-26,32.150002,32.700001,31.799999,32.299999,29.659861,28913564
2015-03-27,32.700001,32.700001,32.099998,32.299999,29.659861,20658183
2015-03-30,33.250000,34.150002,33.099998,34.049999,31.266819,91760112
2015-03-31,34.599998,35.099998,33.799999,33.950001,31.174992,72986769
2015-04-01,34.099998,34.849998,34.000000,34.750000,31.909607,40432812
2015-04-02,35.000000,35.099998,34.500000,34.950001,32.093258,49317271
2015-04-08,36.900002,37.400002,35.700001,37.349998,34.297077,128253603
2015-04-09,40.000000,41.000000,38.049999,39.099998,35.904041,133929725
2015-04-10,39.799999,40.000000,37.750000,40.000000,36.730476,98919900
2015-04-13,39.599998,40.099998,39.099998,40.000000,36.730476,93506009
2015-04-14,38.750000,39.700001,38.099998,38.650002,35.490826,81296367
2015-04-15,39.000000,39.000000,37.700001,37.900002,34.802128,73371142
2015-04-16,37.650002,39.500000,37.250000,39.450001,36.225437,69252246
2015-04-17,39.900002,40.349998,38.349998,38.650002,35.490826,57564340
2015-04-20,39.000000,39.000000,37.000000,37.150002,34.113438,62452829
2015-04-21,37.799999,38.900002,37.700001,38.700001,35.536736,48070568
2015-04-22,38.400002,39.000000,38.049999,38.650002,35.490826,44960292
2015-04-23,38.900002,39.299999,37.700001,37.750000,34.664387,45990000
2015-04-24,38.099998,38.099998,36.799999,37.650002,34.572563,51015781
2015-04-27,37.950001,38.299999,37.500000,38.200001,35.077610,45063384
2015-04-28,38.400002,38.450001,37.500000,38.099998,34.985779,35734538
2015-04-29,38.599998,38.799999,38.049999,38.400002,35.261261,48658949
2015-04-30,38.349998,38.349998,37.650002,37.750000,34.664387,37340165
2015-05-04,37.750000,38.250000,37.349998,37.650002,34.572563,31787169
2015-05-05,38.099998,38.250000,36.799999,37.099998,34.067516,40051923
2015-05-06,36.900002,39.099998,36.900002,37.900002,34.802128,92671789
2015-05-07,37.650002,37.900002,36.950001,37.250000,34.205261,56253681
2015-05-08,37.650002,37.950001,37.099998,37.599998,34.526649,43861206
2015-05-11,37.950001,38.450001,37.400002,38.200001,35.077610,38262826
2015-05-12,38.099998,38.099998,37.299999,37.400002,34.342999,30595375
2015-05-13,37.349998,37.500000,36.599998,36.799999,33.792038,39063774
2015-05-14,36.799999,36.950001,36.049999,36.299999,33.332909,28944918
2015-05-15,36.500000,37.500000,36.049999,37.000000,33.975693,42443604
2015-05-18,37.150002,37.150002,36.299999,36.650002,33.654301,25074209
2015-05-19,36.599998,37.950001,36.549999,37.700001,34.618477,40936471
2015-05-20,38.000000,38.099998,37.250000,37.750000,34.664387,30682897
2015-05-21,37.549999,37.900002,37.250000,37.250000,34.205261,19375196
2015-05-22,37.900002,38.599998,37.650002,38.549999,35.398998,49331684
2015-05-26,39.799999,40.200001,39.599998,39.950001,36.684566,90745038
2015-05-27,40.099998,40.099998,39.000000,39.099998,35.904041,39481288
2015-05-28,39.200001,39.299999,36.950001,37.400002,34.342999,89431925
2015-05-29,37.099998,37.799999,37.000000,37.250000,34.205261,44846134
2015-06-01,37.400002,38.299999,36.799999,37.950001,34.848045,36668188
2015-06-02,37.500000,37.799999,37.000000,37.250000,34.205261,33604691
2015-06-03,37.049999,37.200001,36.349998,36.450001,33.932453,34081359
2015-06-04,36.500000,37.299999,35.450001,36.349998,33.839363,60803149
2015-06-05,36.500000,36.849998,35.549999,35.599998,33.141163,44582599
2015-06-08,35.500000,36.700001,35.349998,36.150002,33.653179,36158099
2015-06-09,36.150002,36.150002,35.000000,35.049999,32.629154,41396122
2015-06-10,35.099998,35.700001,34.200001,34.500000,32.117142,44191164
2015-06-11,35.000000,35.599998,34.700001,35.500000,33.048073,30777381
2015-06-12,35.950001,36.450001,35.950001,36.299999,33.792816,43044657
2015-06-15,35.650002,35.849998,35.000000,35.200001,32.768791,23345246
2015-06-16,34.650002,35.150002,34.150002,34.200001,31.837860,37422512
2015-06-17,34.099998,34.950001,34.000000,34.700001,32.303329,33771008
2015-06-18,34.700001,34.700001,33.849998,33.950001,31.605125,34208739
2015-06-19,34.250000,34.599998,33.299999,33.400002,31.093119,43657813
2015-06-22,33.599998,34.500000,33.549999,34.400002,32.024052,30756432
2015-06-23,34.400002,35.200001,34.200001,35.099998,32.675697,51090867
2015-06-24,35.200001,35.500000,34.849998,35.000000,32.582607,28622475
2015-06-25,34.900002,35.000000,34.049999,34.250000,31.884411,38212758
2015-06-26,33.799999,34.200001,33.000000,33.200001,30.906931,60524140
2015-06-29,33.500000,33.750000,31.549999,32.650002,30.394917,83521078
2015-06-30,32.599998,34.200001,32.549999,33.750000,31.418943,63570945
2015-07-02,33.799999,34.250000,32.799999,33.099998,30.813833,42474733
2015-07-03,33.299999,33.400002,32.049999,32.250000,30.022545,51858057
2015-07-06,32.750000,33.200001,30.250000,31.549999,29.370892,88529298
2015-07-07,32.200001,32.200001,30.000000,30.600000,28.486507,75785880
2015-07-08,29.250000,29.299999,26.900000,27.900000,25.972992,129108468
2015-07-09,27.900000,30.600000,27.600000,29.500000,27.462482,124118998
2015-07-10,29.600000,31.750000,29.500000,31.450001,29.277800,100687395
2015-07-13,31.000000,32.299999,30.650000,31.799999,29.603624,68026926
2015-07-14,31.299999,32.150002,31.100000,31.600000,29.417439,47986643
2015-07-15,31.549999,31.700001,30.200001,30.750000,28.626148,48970409
2015-07-16,30.200001,31.400000,30.200001,31.150000,28.998520,36459612
2015-07-17,31.650000,31.850000,31.250000,31.500000,29.324347,34000395
2015-07-20,32.000000,32.049999,30.950001,31.250000,29.091614,24108310
2015-07-21,31.000000,32.150002,30.950001,31.799999,29.603624,28217051
2015-07-22,31.750000,31.799999,31.100000,31.750000,29.557077,33542710
2015-07-23,31.549999,32.250000,31.299999,31.700001,29.510534,30512701
2015-07-24,31.350000,31.400000,30.400000,30.750000,28.626148,46727113
2015-07-27,30.250000,30.250000,28.799999,29.049999,27.043564,69126076
2015-07-28,28.799999,30.000000,28.549999,29.250000,27.229750,50061997
2015-07-29,29.400000,29.750000,29.049999,29.650000,27.602123,37208356
2015-07-30,30.299999,30.299999,28.799999,28.900000,26.903921,44025772
2015-07-31,29.200001,29.299999,28.200001,28.549999,26.578096,40968459
2015-08-03,28.450001,28.450001,27.350000,27.600000,25.693714,51088075
2015-08-04,27.600000,28.750000,27.600000,28.549999,26.578096,42014116
2015-08-05,28.549999,29.000000,28.450001,28.700001,26.717737,21045609
2015-08-06,28.900000,28.900000,28.100000,28.299999,26.345364,23760313
2015-08-07,28.299999,29.200001,28.299999,28.650000,26.671190,28475439
2015-08-10,28.350000,29.650000,28.049999,29.150000,27.136656,34642738
2015-08-11,29.250000,30.150000,29.250000,29.549999,27.509027,44950696
2015-08-12,29.000000,29.500000,28.250000,28.700001,26.717737,42059655
2015-08-13,29.049999,29.450001,28.650000,28.850000,26.857380,30081535
2015-08-14,29.100000,29.400000,28.600000,28.750000,26.764284,13007714
2015-08-17,28.500000,28.500000,27.850000,28.299999,26.345364,21249244
2015-08-18,28.500000,28.850000,27.049999,27.450001,25.554073,28485072
2015-08-19,27.350000,27.799999,26.350000,26.750000,24.902422,52910677
2015-08-20,26.299999,26.700001,25.700001,26.250000,24.436954,38093305
2015-08-21,25.450001,25.799999,25.049999,25.650000,23.878395,48816416
2015-08-24,24.400000,24.900000,23.400000,24.299999,22.621639,71916557
2015-08-25,24.299999,25.700001,23.850000,24.950001,23.226744,78961000
2015-08-26,25.200001,25.900000,24.500000,24.549999,22.854370,59770135
2015-08-27,25.700001,27.400000,25.450001,27.100000,25.228247,87944603
2015-08-28,27.900000,28.000000,26.900000,27.049999,25.181698,57902860
2015-08-31,27.049999,27.299999,25.850000,26.799999,24.948967,44124702
2015-09-01,26.600000,26.600000,25.450001,25.549999,23.785303,39026471
2015-09-02,25.700001,26.799999,25.200001,25.750000,23.971489,54028723
2015-09-04,25.500000,26.000000,24.700001,25.200001,23.459478,33049450
2015-09-07,24.900000,26.400000,24.900000,25.000000,23.273291,31744542
2015-09-08,25.400000,26.500000,25.049999,26.150000,24.343863,55896592
2015-09-09,26.850000,27.750000,26.549999,27.500000,25.600618,57548228
2015-09-10,26.850000,27.450001,26.400000,27.000000,25.135153,37978140
2015-09-11,27.049999,27.500000,26.150000,26.200001,24.390408,50998615
2015-09-14,26.450001,26.900000,26.150000,26.700001,24.855875,34451314
2015-09-15,27.000000,27.450001,26.650000,26.850000,24.995514,36156425
2015-09-16,27.600000,28.400000,27.200001,27.850000,25.926447,47069173
2015-09-17,28.299999,29.200001,28.049999,28.400000,26.438459,52315187
2015-09-18,28.400000,29.299999,28.400000,28.850000,26.857380,46444077
2015-09-21,28.150000,28.600000,27.850000,28.200001,26.252274,36550284
2015-09-22,28.200001,28.549999,27.700001,27.799999,25.879900,28794043
2015-09-23,27.500000,27.600000,26.250000,27.150000,25.274794,61062742
2015-09-24,27.200001,27.450001,26.600000,26.650000,24.809326,24780242
2015-09-25,26.500000,27.400000,26.250000,27.100000,25.228247,36101838
2015-09-29,25.900000,26.600000,25.750000,26.549999,24.716234,36701729
2015-09-30,27.000000,27.350000,26.700001,26.799999,24.948967,33922127
2015-10-02,27.549999,28.000000,27.200001,27.700001,25.786808,37456069
2015-10-05,28.500000,28.950001,28.400000,28.500000,26.531551,39376479
2015-10-06,29.299999,29.299999,28.350000,28.600000,26.624645,24530945
2015-10-07,28.850000,29.700001,28.549999,29.650000,27.602123,53966673
2015-10-08,29.549999,29.600000,28.650000,29.150000,27.136656,26729018
2015-10-09,29.500000,30.200001,29.200001,29.350000,27.322844,39865470
2015-10-12,29.650000,30.000000,29.400000,29.500000,27.462482,28231778
2015-10-13,29.000000,29.650000,29.000000,29.400000,27.369389,27738520
2015-10-14,29.000000,29.400000,28.600000,28.650000,26.671190,30440289
2015-10-15,29.150000,29.850000,28.850000,29.500000,27.462482,31479627
2015-10-16,29.900000,30.000000,29.549999,29.950001,27.881403,26553187
2015-10-19,29.850000,30.200001,29.700001,30.100000,28.021042,24705488
2015-10-20,30.200001,30.250000,29.799999,30.200001,28.114136,21490964
2015-10-22,29.600000,30.000000,29.450001,29.900000,27.834854,17613222
2015-10-23,30.750000,30.750000,30.350000,30.650000,28.533054,27913099
2015-10-26,31.000000,31.150000,30.500000,30.799999,28.672693,27755940
2015-10-27,30.700001,30.900000,30.200001,30.799999,28.672693,29810069
2015-10-28,30.350000,30.700001,30.000000,30.350000,28.253773,32346613
2015-10-29,29.500000,29.549999,28.500000,28.700001,26.717737,88380430
2015-10-30,28.600000,28.600000,28.000000,28.049999,26.112631,63160105
2015-11-02,27.500000,27.950001,27.100000,27.200001,25.321339,62222505
2015-11-03,27.350000,28.150000,27.350000,27.650000,25.740257,35906329
2015-11-04,27.950001,29.200001,27.900000,28.650000,26.671190,68756215
2015-11-05,28.650000,29.500000,28.200001,28.900000,26.903921,46491713
2015-11-06,28.799999,29.350000,28.650000,29.150000,27.136656,32090754
2015-11-09,28.700001,29.350000,28.549999,28.600000,26.624645,34934907
2015-11-10,28.100000,28.450001,27.850000,28.049999,26.112631,34440764
2015-11-11,27.799999,27.950001,27.549999,27.850000,25.926447,23928039
2015-11-12,28.000000,29.049999,28.000000,28.900000,26.903921,41053941
2015-11-13,28.200001,28.549999,28.049999,28.200001,26.252274,32238573
2015-11-16,27.450001,27.799999,27.400000,27.500000,25.600618,39615141
2015-11-17,28.000000,28.450001,27.549999,27.600000,25.693714,36790981
2015-11-18,27.799999,27.900000,27.450001,27.549999,25.647165,20483688
2015-11-19,27.950001,28.200001,27.799999,27.850000,25.926447,23177385
2015-11-20,28.000000,28.650000,27.700001,28.549999,26.578096,24305132
2015-11-23,28.450001,28.600000,28.200001,28.350000,26.391912,18520303
2015-11-24,28.150000,28.299999,27.700001,28.100000,26.159178,19170201
2015-11-25,28.150000,28.450001,27.900000,28.250000,26.298819,22518860
2015-11-26,28.549999,28.750000,28.049999,28.299999,26.345364,19504521
2015-11-27,28.450001,28.450001,27.200001,27.299999,25.414433,57414819
2015-11-30,27.000000,27.250000,26.600000,26.750000,24.902422,66724025
2015-12-01,27.200001,27.500000,26.850000,26.900000,25.042061,49253683
2015-12-02,26.950001,27.400000,26.600000,27.100000,25.228247,73358601
2015-12-03,26.700001,27.150000,26.600000,26.750000,24.902422,33517104
2015-12-04,26.350000,26.500000,26.049999,26.100000,24.297316,35865711
2015-12-07,26.450001,26.500000,26.049999,26.100000,24.297316,20528503
2015-12-08,25.700001,25.850000,25.200001,25.549999,23.785303,51914291
2015-12-09,25.500000,25.600000,25.100000,25.150000,23.412928,28668715
2015-12-10,25.000000,25.400000,24.850000,25.049999,23.319838,24852127
2015-12-11,25.100000,25.200001,24.250000,24.400000,22.714733,33030969
2015-12-14,24.000000,25.100000,23.799999,24.850000,23.133650,37279707
2015-12-15,24.850000,25.299999,24.750000,25.000000,23.273291,32656870
2015-12-16,25.500000,25.799999,25.299999,25.400000,23.645662,30059912
2015-12-17,25.750000,26.150000,25.450001,25.700001,23.924944,31145826
2015-12-18,25.450001,25.799999,25.299999,25.450001,23.692211,27765106
2015-12-21,25.350000,26.000000,25.150000,25.600000,23.831848,28624847
2015-12-22,25.650000,25.700001,25.150000,25.250000,23.506023,16511805
2015-12-23,25.400000,25.950001,25.350000,25.650000,23.878395,22478784
2015-12-24,25.950001,26.100000,25.850000,25.950001,24.157677,8681061
2015-12-28,25.900000,25.900000,25.150000,25.250000,23.506023,21886792
2015-12-29,25.299999,25.650000,25.100000,25.600000,23.831848,13081532
2015-12-30,25.600000,25.700001,24.799999,24.900000,23.180199,30961008
2015-12-31,24.850000,25.200001,24.799999,25.049999,23.319838,9681284
2016-01-04,24.799999,25.000000,23.500000,23.799999,22.156172,53509566
2016-01-05,23.700001,24.000000,23.200001,23.549999,21.923439,35492596
2016-01-06,23.400000,23.650000,23.100000,23.250000,21.644159,37285331
2016-01-07,22.900000,23.150000,22.100000,22.450001,20.899414,84498372
2016-01-08,22.950001,23.100000,22.350000,22.549999,20.992508,54671607
2016-01-11,21.750000,21.750000,21.049999,21.400000,19.921936,81020983
2016-01-12,21.650000,21.900000,20.850000,20.950001,19.503019,64781061
2016-01-13,21.600000,21.950001,21.049999,21.200001,19.735752,59613657
2016-01-14,20.700001,21.200001,20.350000,21.000000,19.549562,59823855
2016-01-15,21.049999,21.100000,20.350000,20.350000,18.944460,46260626
2016-01-18,20.250000,20.650000,20.049999,20.200001,18.804819,60674159
2016-01-19,20.400000,20.950001,20.299999,20.799999,19.363377,51590398
2016-01-20,20.350000,20.350000,19.459999,19.520000,18.171787,83565876
2016-01-21,19.760000,20.100000,18.820000,19.000000,17.687700,85724966
2016-01-22,19.620001,19.700001,18.620001,19.080000,17.762175,108599019
2016-01-25,19.360001,19.559999,19.240000,19.320000,17.985600,74269817
2016-01-26,18.920000,19.000000,18.020000,18.120001,16.868481,104093014
2016-01-27,18.459999,18.520000,18.020000,18.360001,17.091904,95493959
2016-01-28,18.360001,18.559999,18.020000,18.160000,16.905718,75271659
2016-01-29,18.080000,18.820000,18.059999,18.780001,17.482895,70092482
2016-02-01,18.799999,18.840000,17.879999,18.000000,16.756769,66050574
2016-02-02,17.799999,18.440001,17.740000,18.120001,16.868481,55332866
2016-02-03,17.500000,17.620001,17.240000,17.360001,16.160975,89067575
2016-02-04,17.559999,17.680000,17.120001,17.139999,15.956167,75364047
2016-02-05,17.260000,17.680000,17.219999,17.600000,16.384396,45776404
2016-02-11,16.639999,16.740000,16.340000,16.440001,15.304517,56841273
2016-02-12,16.200001,16.620001,16.200001,16.320000,15.192804,54064901
2016-02-15,16.879999,17.360001,16.700001,17.180000,15.993404,58276488
2016-02-16,17.299999,18.000000,17.219999,17.299999,16.105116,54897032
2016-02-17,17.379999,17.660000,17.000000,17.040001,15.863076,41481219
2016-02-18,17.799999,17.920000,17.559999,17.660000,16.440252,53149107
2016-02-19,17.520000,17.799999,17.520000,17.639999,16.421635,29254799
2016-02-22,18.059999,18.379999,17.940001,18.280001,17.017431,57400749
2016-02-23,18.459999,18.480000,17.920000,18.000000,16.756769,43303288
2016-02-24,17.840000,18.000000,17.280001,17.559999,16.347158,51456399
2016-02-25,17.580000,17.580000,16.959999,17.040001,15.863076,46154420
2016-02-26,17.260000,17.500000,17.059999,17.360001,16.160975,47567022
2016-02-29,17.420000,17.420000,16.860001,16.920000,15.751363,39867241
2016-03-01,16.700001,16.820000,16.120001,16.799999,15.639650,141070643
2016-03-02,17.200001,17.680000,17.100000,17.379999,16.179590,93405761
2016-03-03,17.540001,17.700001,17.000000,17.440001,16.235449,52573883
2016-03-04,17.660000,18.299999,17.480000,18.100000,16.849861,93823040
2016-03-07,18.240000,18.400000,17.860001,18.040001,16.794008,71884711
2016-03-08,18.000000,18.020000,17.540001,17.799999,16.570581,59873221
2016-03-09,17.620001,18.000000,17.500000,17.920000,16.682295,35400992
2016-03-10,17.900000,18.139999,17.459999,17.559999,16.347158,46939669
2016-03-11,17.500000,17.940001,17.400000,17.900000,16.663675,44779626
2016-03-14,18.280001,18.719999,18.139999,18.379999,17.110523,66735510
2016-03-15,18.360001,18.600000,18.200001,18.400000,17.129141,48007627
2016-03-16,18.400000,18.660000,17.920000,18.299999,17.036051,42431742
2016-03-17,18.799999,18.900000,18.540001,18.700001,17.408422,50529542
2016-03-18,18.879999,19.080000,18.660000,19.020000,17.706320,69761640
2016-03-21,19.100000,19.500000,18.920000,19.280001,17.948362,72275405
2016-03-22,19.400000,19.700001,19.320000,19.500000,18.153166,63840833
2016-03-23,19.639999,19.680000,18.820000,19.320000,17.985600,57574273
2016-03-24,18.820000,19.000000,18.500000,18.559999,17.278091,59516949
2016-03-29,18.440001,18.540001,18.219999,18.420000,17.147760,47893738
2016-03-30,18.559999,19.160000,18.559999,19.100000,17.780796,65441902
2016-03-31,19.100000,19.200001,18.920000,19.139999,17.818031,44776096
2016-04-01,19.260000,19.260000,18.320000,18.520000,17.240852,54915042
2016-04-05,18.219999,18.299999,18.020000,18.200001,16.942957,41004275
2016-04-06,18.059999,18.340000,18.040001,18.100000,16.849861,33766580
2016-04-07,18.139999,18.280001,17.700001,17.920000,16.682295,46035367
2016-04-08,17.639999,18.059999,17.600000,18.059999,16.812626,26847978
2016-04-11,17.940001,18.320000,17.840000,18.240000,16.980192,33873105
2016-04-12,18.120001,18.299999,18.040001,18.260000,16.998812,24697946
2016-04-13,18.480000,19.299999,18.440001,19.160000,17.836647,81553608
2016-04-14,19.600000,20.400000,19.580000,19.740000,18.376591,127800080
2016-04-15,19.900000,19.980000,19.520000,19.740000,18.376591,44913168
2016-04-18,19.260000,19.379999,19.100000,19.360001,18.022837,44840341
2016-04-19,19.700001,19.719999,19.360001,19.600000,18.246260,45822063
2016-04-20,19.600000,19.600000,18.780001,19.240000,17.911123,61696070
2016-04-21,18.900000,19.240000,18.840000,19.080000,17.762175,60943816
2016-04-22,18.680000,18.840000,18.520000,18.799999,17.501514,43871656
2016-04-25,18.600000,18.660000,18.400000,18.520000,17.240852,36971186
2016-04-26,18.600000,18.639999,18.219999,18.620001,17.333948,34269343
2016-04-27,18.320000,18.639999,18.320000,18.520000,17.240852,28020536
2016-04-28,18.620001,18.780001,18.100000,18.420000,17.147760,40805139
2016-04-29,18.139999,18.299999,18.020000,18.059999,16.812626,49652190
2016-05-03,18.000000,18.020000,17.600000,17.660000,16.440252,58196207
2016-05-04,17.400000,17.540001,17.139999,17.480000,16.272684,60296418
2016-05-05,17.299999,17.400000,17.200001,17.340000,16.142353,54462694
2016-05-06,17.200001,17.340000,16.940001,16.980000,15.807220,65404543
2016-05-09,17.139999,17.200001,16.799999,16.940001,15.769981,47399069
2016-05-10,16.799999,17.139999,16.700001,17.000000,15.825837,54472240
2016-05-11,17.120001,17.180000,16.700001,16.740000,15.583797,47376499
2016-05-12,16.700001,16.760000,16.520000,16.559999,15.416228,56251462
2016-05-13,16.500000,16.580000,16.360001,16.440001,15.304517,54103213
2016-05-16,16.379999,16.820000,16.240000,16.440001,15.304517,51283085
2016-05-17,16.660000,16.940001,16.540001,16.799999,15.639650,45375463
2016-05-18,16.620001,16.719999,16.520000,16.639999,15.490704,28283507
2016-05-19,16.559999,16.600000,16.400000,16.459999,15.323133,35367794
2016-05-20,16.480000,16.799999,16.320000,16.580000,15.434846,32620862
2016-05-23,16.540001,16.700001,16.400000,16.500000,15.360371,29943050
2016-05-24,16.420000,16.520000,16.360001,16.480000,15.341752,25615515
2016-05-25,16.799999,17.020000,16.760000,16.799999,15.639650,51115075
2016-05-26,16.799999,16.959999,16.740000,16.820000,15.658271,26212417
2016-05-27,16.920000,16.980000,16.700001,16.920000,15.751363,24418746
2016-05-30,16.940001,17.240000,16.820000,17.059999,15.881695,40020501
2016-05-31,17.040001,17.620001,17.000000,17.379999,16.179590,82155374
2016-06-01,17.340000,17.580000,17.299999,17.360001,16.160975,29701425
2016-06-02,17.400000,17.540001,17.299999,17.459999,16.254065,28156947
2016-06-03,17.559999,17.680000,17.420000,17.559999,16.347158,36658199
2016-06-06,17.559999,17.580000,17.340000,17.500000,16.291304,30881640
2016-06-07,17.240000,17.400000,17.100000,17.320000,16.595268,45524601
2016-06-08,17.280001,17.340000,17.160000,17.280001,16.556942,29568339
2016-06-10,17.200001,17.320000,16.940001,16.980000,16.269497,54289322
2016-06-13,16.660000,16.680000,16.420000,16.600000,15.905396,45162637
2016-06-14,16.400000,16.600000,16.360001,16.480000,15.790417,42674819
2016-06-15,16.340000,16.620001,16.299999,16.459999,15.771253,35376679
2016-06-16,16.280001,16.379999,16.160000,16.280001,15.598787,43992309
2016-06-17,16.520000,16.540001,16.340000,16.420000,15.732928,34068970
2016-06-20,16.600000,16.799999,16.480000,16.719999,16.020374,39871132
2016-06-21,16.799999,16.860001,16.620001,16.740000,16.039539,28733672
2016-06-22,16.719999,16.959999,16.639999,16.840000,16.135355,31927330
2016-06-23,16.860001,17.000000,16.760000,16.980000,16.269497,25983677
2016-06-24,16.540001,17.059999,16.000000,16.459999,15.771253,92659154
2016-06-27,16.200001,16.459999,16.120001,16.320000,15.637113,42238202
2016-06-28,16.040001,16.340000,16.020000,16.280001,15.598787,35826924
2016-06-29,16.400000,16.540001,16.240000,16.440001,15.752092,29637822
2016-06-30,16.680000,16.719999,16.440001,16.620001,15.924561,43261495
2016-07-04,16.700001,17.059999,16.600000,16.860001,16.154516,51766561
2016-07-05,16.780001,16.940001,16.639999,16.660000,15.962886,24732860
2016-07-06,16.520000,16.520000,16.299999,16.400000,15.713766,36913029
2016-07-07,16.459999,16.559999,16.340000,16.480000,15.790417,19692221
2016-07-08,16.360001,16.400000,16.219999,16.320000,15.637113,27490975
2016-07-11,16.639999,16.740000,16.500000,16.540001,15.847908,30249521
2016-07-12,16.660000,16.920000,16.600000,16.860001,16.154516,42964779
2016-07-13,17.059999,17.280001,16.980000,17.040001,16.326986,60175398
2016-07-14,17.000000,17.360001,17.000000,17.360001,16.633596,43887502
2016-07-15,17.440001,17.760000,17.360001,17.680000,16.940207,88861835
2016-07-18,17.680000,17.860001,17.540001,17.680000,16.940207,34882022
2016-07-19,17.820000,17.920000,17.500000,17.540001,16.806065,36596683
2016-07-20,17.420000,17.840000,17.420000,17.700001,16.959368,34305123
2016-07-21,17.799999,17.920000,17.660000,17.740000,16.997694,42424082
2016-07-22,17.660000,17.760000,17.580000,17.719999,16.978531,26652777
2016-07-25,17.780001,17.799999,17.420000,17.600000,16.863552,33537931
2016-07-26,17.500000,18.059999,17.500000,17.799999,17.055183,56918193
2016-07-27,17.900000,18.440001,17.900000,18.100000,17.342630,101867921
2016-07-28,18.059999,18.260000,17.900000,17.980000,17.227652,49167228
2016-07-29,17.840000,18.100000,17.559999,17.680000,16.940207,46384711
2016-08-01,17.600000,18.040001,17.559999,17.780001,17.036022,54243603
2016-08-02,17.780001,17.780001,17.780001,17.780001,17.036022,0
2016-08-03,17.500000,17.520000,17.299999,17.320000,16.595268,54509919
2016-08-04,17.379999,17.520000,17.240000,17.340000,16.614431,27848630
2016-08-05,17.480000,17.780001,17.440001,17.719999,16.978531,33336855
2016-08-08,17.879999,18.200001,17.820000,18.139999,17.380957,48024716
2016-08-09,18.139999,18.139999,17.980000,18.059999,17.304306,27821432
2016-08-10,18.080000,18.280001,17.959999,18.080000,17.323467,32207061
2016-08-11,18.020000,18.400000,17.959999,18.200001,17.438448,68274110
2016-08-12,18.379999,18.700001,18.340000,18.620001,17.840874,72495180
2016-08-15,18.600000,19.360001,18.600000,19.280001,18.473257,98188744
2016-08-16,19.500000,19.700001,19.260000,19.340000,18.530746,81964991
2016-08-17,19.360001,19.379999,18.840000,18.959999,18.166645,67343465
2016-08-18,19.160000,19.459999,18.980000,19.040001,18.243299,54645942
2016-08-19,19.100000,19.139999,18.600000,18.780001,17.994177,47047437
2016-08-22,18.780001,18.860001,18.340000,18.559999,17.783382,53962586
2016-08-23,18.400000,18.660000,18.299999,18.420000,17.649240,37461949
2016-08-24,18.400000,18.459999,18.120001,18.280001,17.515100,43496150
2016-08-25,18.200001,18.600000,18.120001,18.459999,17.687567,40455832
2016-08-26,18.520000,19.160000,18.520000,19.080000,18.281624,78532617
2016-08-29,19.080000,19.100000,18.680000,18.799999,18.013340,45937917
2016-08-30,18.920000,19.059999,18.719999,18.840000,18.051666,34700867
2016-08-31,18.840000,18.860001,18.540001,18.540001,17.764221,32270654
2016-09-01,18.500000,18.780001,18.440001,18.660000,17.879198,31730322
2016-09-02,18.660000,19.160000,18.639999,19.020000,18.224134,56380705
2016-09-05,19.360001,19.559999,19.299999,19.320000,18.511581,47621290
2016-09-06,19.400000,19.480000,19.080000,19.360001,18.549908,38104104
2016-09-07,19.559999,20.350000,19.480000,20.150000,19.306852,125412693
2016-09-08,20.299999,20.700001,20.150000,20.549999,19.690115,89904814
2016-09-09,20.799999,21.799999,20.750000,21.400000,20.504547,146747511
2016-09-12,20.650000,20.850000,20.200001,20.200001,19.354759,96139676
2016-09-13,20.600000,20.900000,20.100000,20.150000,19.306852,61177141
2016-09-14,20.000000,20.400000,19.920000,20.049999,19.211035,48629073
2016-09-15,20.049999,20.799999,20.049999,20.600000,19.738022,65008371
2016-09-19,21.000000,21.500000,20.850000,21.500000,20.600363,95072367
2016-09-20,21.500000,21.549999,20.950001,21.150000,20.265009,48131870
2016-09-21,21.200001,21.600000,20.950001,21.350000,20.456640,46615753
2016-09-22,21.750000,22.100000,21.150000,21.299999,20.408730,94026649
2016-09-23,21.450001,21.500000,20.900000,20.950001,20.073378,44838148
2016-09-26,20.600000,21.000000,20.450001,20.500000,19.642206,38941240
2016-09-27,20.500000,20.900000,20.350000,20.799999,19.929651,42208512
2016-09-28,20.700001,20.850000,20.450001,20.799999,19.929651,23066886
2016-09-29,21.000000,21.000000,20.500000,20.700001,19.833839,32066841
2016-09-30,20.299999,20.400000,20.000000,20.000000,19.163128,80551510
2016-10-03,20.350000,20.500000,20.200001,20.250000,19.402668,27264019
2016-10-04,20.400000,20.500000,20.100000,20.500000,19.642206,19830884
2016-10-05,20.250000,20.799999,20.150000,20.650000,19.785929,24206831
2016-10-06,20.750000,21.600000,20.750000,21.450001,20.552454,76290128
2016-10-07,21.400000,21.500000,21.049999,21.500000,20.600363,42065289
2016-10-11,21.799999,21.799999,20.799999,21.000000,20.121283,58752970
2016-10-12,20.750000,20.799999,20.400000,20.750000,19.881746,53554946
2016-10-13,20.549999,20.750000,20.299999,20.400000,19.546389,46379167
2016-10-14,20.450001,20.750000,20.450001,20.700001,19.833839,36378256
2016-10-17,20.500000,20.650000,20.250000,20.400000,19.546389,22640668
2016-10-18,20.600000,20.850000,20.450001,20.700001,19.833839,32030044
2016-10-19,20.350000,20.500000,20.150000,20.150000,19.306852,64690690
2016-10-20,20.299999,20.400000,20.049999,20.100000,19.258945,28507053
2016-10-21,20.100000,20.100000,20.100000,20.100000,19.258945,0
2016-10-24,20.000000,20.350000,19.900000,20.250000,19.402668,50766454
2016-10-25,20.100000,20.200001,20.049999,20.150000,19.306852,36619039
2016-10-26,20.100000,20.200001,20.000000,20.000000,19.163128,24845197
2016-10-27,20.049999,20.049999,19.559999,19.799999,18.971497,54121664
2016-10-28,19.820000,19.940001,19.219999,19.280001,18.473257,78534672
2016-10-31,19.020000,19.500000,18.860001,19.260000,18.454092,59365125
2016-11-01,19.200001,19.840000,19.200001,19.600000,18.779865,41686245
2016-11-02,19.360001,19.420000,19.160000,19.240000,18.434929,29638166
2016-11-03,19.379999,19.480000,19.160000,19.240000,18.434929,23033680
2016-11-04,19.100000,19.440001,19.059999,19.219999,18.415766,24591742
2016-11-07,19.379999,19.639999,19.299999,19.500000,18.684050,27817313
2016-11-08,19.600000,19.660000,19.379999,19.580000,18.760702,23043132
2016-11-09,19.719999,19.719999,18.459999,19.059999,18.262461,133673421
2016-11-10,19.520000,19.540001,19.320000,19.360001,18.549908,44931119
2016-11-11,19.180000,19.299999,18.940001,19.219999,18.415766,56940824
2016-11-14,19.080000,19.480000,19.020000,19.400000,18.588232,56571283
2016-11-15,19.420000,19.879999,19.420000,19.799999,18.971497,75869437
2016-11-16,20.049999,20.450001,20.000000,20.100000,19.258945,66646279
2016-11-17,20.000000,20.450001,19.799999,19.920000,19.086475,54797284
2016-11-18,19.900000,20.100000,19.799999,19.959999,19.124802,27094032
2016-11-21,19.900000,21.049999,19.780001,20.950001,20.073378,139001638
2016-11-22,21.400000,21.650000,21.250000,21.549999,20.648270,107186960
2016-11-23,21.700001,21.700001,21.150000,21.200001,20.312918,74272999
2016-11-24,21.299999,22.049999,21.150000,21.850000,20.935717,109228624
2016-11-25,21.950001,22.799999,21.850000,22.700001,21.750151,136399084
2016-11-28,22.650000,23.100000,22.400000,22.400000,21.462704,74271111
2016-11-29,22.100000,22.350000,21.850000,22.250000,21.318979,71681400
2016-11-30,22.500000,23.000000,22.350000,22.549999,21.606426,63913626
2016-12-01,22.650000,22.799999,22.100000,22.299999,21.366886,53418480
2016-12-02,22.150000,22.250000,21.700001,21.700001,20.791996,61592120
2016-12-05,21.799999,21.850000,21.299999,21.549999,20.648270,57117963
2016-12-06,21.799999,22.299999,21.600000,22.299999,21.366886,53088887
2016-12-07,22.400000,22.549999,22.049999,22.500000,21.558519,47400475
2016-12-08,22.750000,22.900000,22.200001,22.250000,21.318979,46946919
2016-12-09,22.100000,22.549999,21.850000,22.200001,21.271074,46154578
2016-12-12,22.200001,22.299999,21.350000,21.400000,20.504547,62671802
2016-12-13,21.350000,21.650000,21.049999,21.500000,20.600363,44014448
2016-12-14,21.650000,21.700001,21.299999,21.549999,20.648270,35686283
2016-12-15,21.200001,21.250000,20.600000,20.700001,19.833839,85668058
2016-12-16,20.350000,20.799999,20.350000,20.500000,19.642206,53784393
2016-12-19,20.450001,20.500000,20.100000,20.150000,19.306852,47439861
2016-12-20,20.250000,20.299999,19.840000,19.900000,19.067312,43513869
2016-12-21,20.100000,20.700001,20.000000,20.400000,19.546389,51851125
2016-12-22,20.450001,20.549999,20.000000,20.049999,19.211035,34874205
2016-12-23,19.900000,20.049999,19.840000,20.049999,19.211035,32277318
2016-12-28,20.000000,20.450001,19.900000,20.200001,19.354759,37952620
2016-12-29,20.000000,20.200001,19.980000,20.049999,19.211035,27988324
2016-12-30,20.049999,20.450001,20.049999,20.200001,19.354759,29115171
2017-01-03,20.250000,20.900000,20.000000,20.799999,19.929651,48098967
2017-01-04,20.850000,20.950001,20.500000,20.600000,19.738022,35675441
2017-01-05,20.850000,21.200001,20.750000,21.100000,20.217100,49429822
2017-01-06,21.200001,21.450001,20.900000,21.100000,20.217100,34241970
2017-01-09,21.049999,21.200001,20.750000,21.000000,20.121283,23472602
2017-01-10,21.000000,21.200001,20.850000,21.100000,20.217100,25662964
2017-01-11,21.250000,21.700001,21.100000,21.549999,20.648270,59219070
2017-01-12,21.600000,21.650000,21.200001,21.350000,20.456640,35343525
2017-01-13,21.450001,21.650000,21.200001,21.549999,20.648270,32297006
2017-01-16,21.400000,21.500000,20.750000,21.049999,20.169191,51143948
2017-01-17,21.100000,21.250000,21.000000,21.150000,20.265009,18108841
2017-01-18,21.250000,21.700001,21.250000,21.600000,20.696180,33475218
2017-01-19,21.700001,21.799999,21.500000,21.700001,20.791996,39277462
2017-01-20,21.600000,21.700001,21.400000,21.400000,20.504547,29879250
2017-01-23,21.400000,21.650000,21.250000,21.299999,20.408730,21612273
2017-01-24,21.500000,21.600000,21.299999,21.500000,20.600363,25118798
2017-01-25,21.600000,21.600000,21.299999,21.350000,20.456640,24059912
2017-01-26,21.500000,21.750000,21.400000,21.600000,20.696180,43369433
2017-01-27,21.500000,21.700001,21.400000,21.549999,20.648270,12470851
2017-02-01,21.299999,21.450001,21.100000,21.450001,20.552454,27154983
2017-02-02,21.400000,21.450001,21.049999,21.200001,20.312918,28576739
2017-02-03,21.200001,21.549999,20.950001,21.400000,20.504547,53478945
2017-02-06,21.600000,23.100000,21.600000,23.000000,22.037598,175553990
2017-02-07,22.900000,23.799999,22.650000,23.500000,22.516676,158064347
2017-02-08,23.400000,23.799999,23.049999,23.500000,22.516676,81599204
2017-02-09,23.500000,23.900000,23.350000,23.650000,22.660398,69990775
2017-02-10,23.650000,23.850000,23.600000,23.700001,22.708305,48516612
2017-02-13,23.700001,24.650000,23.600000,24.450001,23.426926,82051420
2017-02-14,24.299999,24.650000,24.250000,24.450001,23.426926,52985620
2017-02-15,24.549999,24.900000,24.400000,24.500000,23.474833,62979781
2017-02-16,24.600000,24.700001,24.000000,24.299999,23.283201,65624626
2017-02-17,24.150000,24.299999,23.850000,24.299999,23.283201,53497206
2017-02-20,24.299999,24.400000,23.950001,24.250000,23.235292,44999038
2017-02-21,24.299999,24.950001,24.200001,24.450001,23.426926,51529940
2017-02-22,24.600000,24.700001,24.400000,24.600000,23.570646,31238073
2017-02-23,24.600000,24.700001,24.299999,24.400000,23.379017,33076768
2017-02-24,24.400000,24.549999,24.049999,24.350000,23.331108,36705839
2017-02-27,24.200001,24.350000,23.799999,24.049999,23.043661,44605918
2017-02-28,23.900000,24.049999,23.500000,23.650000,22.660398,36368853
2017-03-01,23.700001,23.900000,23.350000,23.600000,22.612492,26205574
2017-03-02,24.100000,24.150000,23.500000,23.650000,22.660398,33254523
2017-03-03,23.400000,23.500000,23.200001,23.400000,22.420860,33836679
2017-03-06,23.450001,23.650000,23.299999,23.400000,22.420860,23307720
2017-03-07,23.400000,23.900000,23.400000,23.700001,22.708305,23177136
2017-03-08,23.799999,24.000000,23.600000,23.900000,22.899937,26451074
2017-03-09,23.600000,23.850000,23.400000,23.400000,22.420860,33236702
2017-03-10,23.250000,23.600000,23.250000,23.450001,22.468769,16914840
2017-03-13,23.799999,24.100000,23.500000,24.000000,22.995754,38837534
2017-03-14,24.100000,24.350000,23.799999,24.000000,22.995754,29081922
2017-03-15,23.850000,24.100000,23.850000,23.900000,22.899937,16298244
2017-03-16,24.500000,24.799999,24.299999,24.799999,23.762278,54553121
2017-03-17,24.950001,25.500000,24.850000,25.049999,24.001818,81139140
2017-03-20,25.100000,25.350000,24.850000,25.200001,24.145542,34248803
2017-03-21,25.350000,25.450001,25.150000,25.200001,24.145542,24189966
2017-03-22,24.750000,24.900000,24.250000,24.299999,23.283201,55068999
2017-03-23,24.549999,24.799999,24.250000,24.299999,23.283201,35287886
2017-03-24,24.350000,24.400000,23.850000,24.000000,22.995754,56413454
2017-03-27,23.700001,24.150000,23.600000,23.799999,22.804121,45010369
2017-03-28,24.100000,24.350000,23.950001,24.049999,23.043661,25732878
2017-03-29,24.250000,24.299999,23.950001,24.049999,23.043661,25669485
2017-03-30,24.049999,24.200001,23.700001,23.950001,22.947847,35483909
2017-03-31,24.049999,24.049999,23.549999,23.850000,22.852032,20651302
2017-04-03,23.700001,24.000000,23.600000,23.950001,22.947847,26182340
2017-04-05,24.000000,24.150000,23.650000,23.950001,22.947847,35761904
2017-04-06,23.700001,23.850000,23.549999,23.650000,22.660398,26367847
2017-04-07,23.549999,23.600000,23.150000,23.549999,22.564583,31312943
2017-04-10,23.450001,23.549999,23.150000,23.299999,22.325043,21772961
2017-04-11,23.200001,23.299999,22.750000,23.049999,22.085506,39993515
2017-04-12,22.799999,23.250000,22.750000,23.200001,22.229229,26779839
2017-04-13,22.850000,23.299999,22.799999,23.049999,22.085506,23153358
2017-04-18,23.000000,23.049999,22.500000,22.549999,21.606426,41411824
2017-04-19,22.400000,22.650000,22.299999,22.500000,21.558519,32427524
2017-04-20,22.650000,22.950001,22.500000,22.850000,21.893875,34500511
2017-04-21,23.000000,23.200001,22.650000,22.700001,21.750151,19784517
2017-04-24,22.799999,23.350000,22.750000,23.000000,22.037598,34961060
2017-04-25,22.900000,23.549999,22.900000,23.450001,22.468769,48866882
2017-04-26,23.650000,24.150000,23.549999,23.799999,22.804121,61007197
2017-04-27,23.900000,24.049999,23.600000,23.750000,22.756214,33088101
2017-04-28,23.950001,23.950001,23.549999,23.650000,22.660398,27662910
2017-05-02,23.799999,23.900000,23.549999,23.650000,22.660398,23538399
2017-05-04,23.500000,23.700001,23.400000,23.500000,22.516676,27614865
2017-05-05,23.299999,23.500000,22.700001,22.900000,21.941780,49035264
2017-05-08,23.150000,23.350000,22.950001,23.049999,22.085506,29776254
2017-05-09,23.000000,23.700001,23.000000,23.650000,22.660398,33398844
2017-05-10,23.750000,24.650000,23.750000,24.150000,23.139475,86623082
2017-05-11,24.400000,24.750000,24.299999,24.350000,23.331108,45324341
2017-05-12,24.299999,24.750000,24.299999,24.549999,23.522739,56987096
2017-05-15,24.650000,25.000000,24.650000,24.950001,23.906002,43957358
2017-05-16,25.000000,25.000000,24.600000,24.900000,23.858095,27127320
2017-05-17,24.600000,24.799999,24.400000,24.549999,23.522739,28393970
2017-05-18,24.000000,24.350000,23.900000,24.100000,23.091570,33180137
2017-05-19,24.000000,24.350000,24.000000,24.250000,23.235292,21991074
2017-05-22,24.500000,25.000000,24.299999,24.850000,23.810186,44572216
2017-05-23,24.950001,25.650000,24.850000,25.049999,24.001818,68143105
2017-05-24,24.799999,25.100000,24.650000,25.000000,23.953911,21579501
2017-05-25,25.100000,25.700001,25.000000,25.500000,24.432989,49781173
2017-05-26,25.549999,25.750000,25.299999,25.350000,24.289265,21787969
2017-05-29,25.650000,25.650000,25.250000,25.600000,24.528803,19418492
2017-05-31,25.650000,26.049999,25.500000,25.600000,24.528803,49739126
2017-06-01,25.500000,25.600000,25.200001,25.400000,24.337172,37786430
2017-06-02,25.500000,25.549999,25.000000,25.250000,24.193449,25993307
2017-06-05,25.200001,25.400000,24.799999,24.850000,23.810186,26845482
2017-06-06,24.700001,25.250000,24.700001,25.049999,24.001818,32472412
2017-06-07,24.900000,25.500000,24.900000,25.200001,24.145542,23344689
2017-06-08,25.250000,25.549999,24.900000,25.400000,24.602873,29344169
2017-06-09,25.650000,25.700001,25.200001,25.450001,24.651304,35301199
2017-06-12,25.350000,25.450001,24.750000,24.850000,24.070135,29131724
2017-06-13,25.000000,25.100000,24.799999,24.900000,24.118565,33556403
2017-06-14,25.100000,25.100000,24.500000,24.799999,24.021704,38400540
2017-06-15,24.750000,24.750000,24.000000,24.000000,23.246809,60095319
2017-06-16,24.100000,24.250000,23.900000,24.000000,23.246809,43098400
2017-06-19,24.200001,24.450001,24.000000,24.299999,23.537394,33343734
2017-06-20,24.500000,24.650000,23.900000,24.049999,23.295240,35696589
2017-06-21,24.049999,24.200001,23.650000,23.799999,23.053087,34467564
2017-06-22,23.799999,24.700001,23.799999,24.250000,23.488964,45579091
2017-06-23,24.350000,24.450001,24.150000,24.200001,23.440533,23930054
2017-06-26,24.299999,24.500000,24.150000,24.400000,23.634256,20644064
2017-06-27,24.500000,24.500000,24.049999,24.100000,23.343672,27748099
2017-06-28,24.000000,24.150000,23.799999,23.950001,23.198380,31663009
2017-06-29,24.100000,24.200001,23.850000,24.000000,23.246809,29597250
2017-06-30,23.650000,23.950001,23.549999,23.850000,23.101517,31054715
2017-07-03,23.850000,24.299999,23.850000,24.100000,23.343672,31756628
2017-07-04,24.000000,24.200001,23.450001,23.549999,22.810930,44920396
2017-07-05,23.400000,24.100000,23.350000,24.000000,23.246809,36702103
2017-07-06,24.250000,24.299999,23.950001,24.049999,23.295240,35255051
2017-07-07,23.850000,24.100000,23.799999,23.850000,23.101517,18940515
2017-07-10,23.950001,24.600000,23.900000,23.950001,23.198380,46050435
2017-07-11,24.000000,24.799999,24.000000,24.600000,23.827980,59846854
2017-07-12,24.750000,25.000000,24.549999,24.700001,23.924843,41930276
2017-07-13,25.000000,25.200001,24.799999,25.100000,24.312288,41154118
2017-07-14,25.150000,25.150000,24.850000,25.000000,24.215425,25227127
2017-07-17,25.350000,26.200001,25.000000,25.799999,24.990320,112033320
2017-07-18,25.799999,26.000000,25.400000,25.600000,24.796598,44153214
2017-07-19,25.799999,25.850000,25.549999,25.750000,24.941889,34496425
2017-07-20,25.750000,25.850000,25.450001,25.500000,24.699736,30543762
2017-07-21,25.500000,25.500000,25.049999,25.200001,24.409151,25496056
2017-07-24,25.299999,25.500000,25.049999,25.350000,24.554443,17341375
2017-07-25,25.049999,25.299999,24.950001,25.049999,24.263857,23563907
2017-07-26,25.100000,25.299999,24.750000,25.000000,24.215425,38776590
2017-07-27,25.049999,25.299999,24.850000,25.000000,24.215425,35655057
2017-07-28,25.000000,25.000000,24.500000,24.700001,23.924843,43050438
2017-07-31,24.650000,24.850000,24.549999,24.750000,23.973272,39927666
2017-08-01,24.750000,25.700001,24.750000,25.650000,24.845026,95932814
2017-08-02,25.900000,25.900000,25.150000,25.350000,24.554443,71310851
2017-08-03,25.200001,25.400000,25.000000,25.150000,24.360720,46049553
2017-08-04,25.000000,25.150000,24.650000,24.900000,24.118565,51242770
2017-08-07,25.000000,25.200001,24.799999,24.950001,24.166996,36265471
2017-08-08,25.000000,25.100000,24.799999,25.049999,24.263857,33713293
2017-08-09,24.850000,25.000000,24.549999,24.750000,23.973272,55059757
2017-08-10,24.850000,24.850000,24.100000,24.250000,23.488964,72789189
2017-08-11,23.799999,24.000000,23.200001,23.549999,22.810930,102502846
2017-08-14,23.850000,23.950001,23.549999,23.650000,22.907793,39141344
2017-08-15,23.700001,24.000000,23.500000,23.549999,22.810930,64458162
2017-08-16,23.600000,23.799999,23.350000,23.650000,22.907793,50599816
2017-08-17,23.700001,23.799999,23.299999,23.450001,22.714071,33424729
2017-08-18,23.200001,23.450001,23.000000,23.150000,22.423485,44537983
2017-08-21,23.100000,23.549999,23.049999,23.250000,22.520348,33186750
2017-08-22,23.500000,24.250000,23.450001,23.850000,23.101517,65112541
2017-08-23,23.850000,23.850000,23.850000,23.850000,23.101517,0
2017-08-24,24.400000,24.400000,24.000000,24.000000,23.246809,55414327
2017-08-25,24.400000,25.200001,24.200001,25.000000,24.215425,113193903
2017-08-28,25.250000,25.799999,25.049999,25.299999,24.506010,104323140
2017-08-29,25.049999,25.200001,24.850000,24.900000,24.118565,37605050
2017-08-30,25.299999,25.450001,25.049999,25.200001,24.409151,41383191
2017-08-31,25.200001,25.200001,24.900000,25.100000,24.312288,35727542
2017-09-01,25.100000,25.200001,24.700001,24.900000,24.118565,36635591
2017-09-04,24.850000,24.900000,24.400000,24.600000,23.827980,31099265
2017-09-05,24.750000,24.750000,24.400000,24.600000,23.827980,16606359
2017-09-06,24.549999,24.650000,24.049999,24.250000,23.488964,45299609
2017-09-07,24.400000,24.500000,23.900000,24.049999,23.295240,40129511
2017-09-08,23.950001,24.299999,23.950001,24.100000,23.343672,21844011
2017-09-11,24.299999,24.500000,24.250000,24.250000,23.488964,23120907
2017-09-12,24.500000,24.600000,24.100000,24.400000,23.634256,24586964
2017-09-13,24.350000,24.450001,24.049999,24.100000,23.343672,32622091
2017-09-14,24.100000,24.100000,23.650000,23.799999,23.053087,42023833
2017-09-15,23.799999,23.900000,23.350000,23.750000,23.004656,49218676
2017-09-18,24.049999,24.250000,24.000000,24.100000,23.343672,28534342
2017-09-19,24.100000,24.200001,23.799999,23.850000,23.101517,30570342
2017-09-20,23.799999,23.950001,23.700001,23.850000,23.101517,25889797
2017-09-21,23.750000,23.950001,23.600000,23.850000,23.101517,28577495
2017-09-22,23.600000,23.799999,23.500000,23.650000,22.907793,22122388
2017-09-25,23.600000,23.600000,23.250000,23.450001,22.714071,30606134
2017-09-26,23.299999,23.600000,23.250000,23.450001,22.714071,19053651
2017-09-27,23.450001,23.750000,23.400000,23.650000,22.907793,21883022
2017-09-28,23.400000,23.600000,23.200001,23.250000,22.520348,31257766
2017-09-29,23.250000,23.400000,23.150000,23.250000,22.520348,30845371
2017-10-03,23.400000,23.900000,23.200001,23.750000,23.004656,46020369
2017-10-04,23.950001,24.350000,23.900000,23.900000,23.149946,39500391
2017-10-06,24.200001,24.200001,23.900000,24.100000,23.343672,33554544
2017-10-09,23.750000,24.100000,23.750000,24.000000,23.246809,49095734
2017-10-10,23.850000,24.100000,23.799999,23.900000,23.149946,27627011
2017-10-11,23.900000,24.100000,23.750000,23.799999,23.053087,27148850
2017-10-12,23.750000,24.350000,23.750000,24.100000,23.343672,41668423
2017-10-13,24.000000,24.400000,24.000000,24.100000,23.343672,20494900
2017-10-16,24.100000,24.450001,24.100000,24.200001,23.440533,28221673
2017-10-17,24.200001,24.500000,24.150000,24.250000,23.488964,36028757
2017-10-18,24.549999,25.100000,24.350000,24.799999,24.021704,98476932
2017-10-19,24.900000,25.350000,23.950001,24.200001,23.440533,81413810
2017-10-20,24.500000,24.600000,24.299999,24.600000,23.827980,37194129
2017-10-23,25.650000,25.750000,24.950001,25.450001,24.651304,159869289
2017-10-24,25.299999,25.600000,24.850000,25.100000,24.312288,60624131
2017-10-25,25.250000,25.350000,25.000000,25.299999,24.506010,39685739
2017-10-26,25.150000,25.500000,24.900000,24.950001,24.166996,47221174
2017-10-27,25.450001,25.799999,25.350000,25.650000,24.845026,119831041
2017-10-30,25.950001,26.299999,25.549999,25.799999,24.990320,116031872
2017-10-31,25.799999,26.049999,25.549999,25.799999,24.990320,53192980
2017-11-01,26.200001,27.700001,26.100000,27.700001,26.830694,187211970
2017-11-02,27.549999,27.650000,27.049999,27.400000,26.540108,73914950
2017-11-03,27.350000,27.850000,27.100000,27.250000,26.394815,52988891
2017-11-06,27.250000,27.250000,26.250000,26.950001,26.104231,87794113
2017-11-07,27.000000,27.400000,26.850000,27.100000,26.249521,61298449
2017-11-08,27.000000,27.350000,26.700001,26.900000,26.055799,56433145
2017-11-09,27.100000,27.650000,26.950001,27.500000,26.636969,75895294
2017-11-10,27.200001,28.049999,27.150000,27.700001,26.830694,76988332
2017-11-13,27.500000,27.950001,27.100000,27.150000,26.297953,67797550
2017-11-14,27.150000,27.299999,26.650000,26.750000,25.910505,59349029
2017-11-15,26.350000,26.700001,26.200001,26.250000,25.426199,72080128
2017-11-16,26.250000,27.100000,26.150000,26.900000,26.055799,62091561
2017-11-17,27.250000,27.500000,26.700001,26.850000,26.007368,60178223
2017-11-20,26.900000,27.000000,26.200001,26.549999,25.716782,48138523
2017-11-21,26.600000,27.450001,26.500000,27.350000,26.491678,89508724
2017-11-22,27.799999,28.200001,27.100000,27.200001,26.346384,93506541
2017-11-23,27.350000,27.650000,26.450001,26.700001,25.862078,65801371
2017-11-24,26.900000,27.000000,26.549999,26.900000,26.055799,57170324
2017-11-27,27.049999,27.049999,26.350000,26.600000,25.765215,35488044
2017-11-28,26.549999,26.549999,25.799999,26.200001,25.377768,70786006
2017-11-29,26.600000,26.650000,25.900000,26.049999,25.232473,47235997
2017-11-30,25.950001,25.950001,25.299999,25.350000,24.554443,86918393
2017-12-01,25.600000,25.799999,25.250000,25.299999,24.506010,40710125
2017-12-04,25.200001,25.850000,25.100000,25.450001,24.651304,34566148
2017-12-05,25.299999,25.549999,25.100000,25.250000,24.457582,28121260
2017-12-06,25.200001,25.350000,24.150000,24.150000,23.392103,92708001
2017-12-07,24.299999,24.500000,23.900000,24.200001,23.440533,58963381
2017-12-08,24.350000,24.750000,24.200001,24.650000,23.876410,39786444
2017-12-11,24.450001,24.950001,24.400000,24.850000,24.070135,32936433
2017-12-12,25.000000,25.000000,24.549999,24.700001,23.924843,45762055
2017-12-13,24.650000,24.799999,24.299999,24.750000,23.973272,44803213
2017-12-14,24.600000,24.799999,24.299999,24.500000,23.731119,43473729
2017-12-15,24.350000,24.350000,23.900000,23.950001,23.198380,60947226
2017-12-18,24.250000,24.450001,24.000000,24.100000,23.343672,44891830
2017-12-19,24.250000,24.799999,24.150000,24.549999,23.779547,69587010
2017-12-20,24.549999,24.650000,24.150000,24.299999,23.537394,40251269
2017-12-21,24.150000,24.799999,24.100000,24.650000,23.876410,48491601
2017-12-22,24.750000,24.799999,24.500000,24.650000,23.876410,21046820
2017-12-27,24.750000,24.950001,24.200001,24.350000,23.585825,37766562
2017-12-28,24.299999,24.600000,24.250000,24.500000,23.731119,29287462
2017-12-29,24.350000,24.700001,24.350000,24.549999,23.779547,30818358
2018-01-02,24.549999,25.400000,24.549999,25.200001,24.409151,55461514
2018-01-03,25.049999,25.549999,24.950001,25.200001,24.409151,66280024
2018-01-04,25.350000,25.350000,24.750000,24.850000,24.070135,96259938
2018-01-05,24.850000,24.900000,24.400000,24.600000,23.827980,79204374
2018-01-08,24.549999,24.650000,24.100000,24.350000,23.585825,76518691
2018-01-09,24.299999,24.900000,24.250000,24.500000,23.731119,65572884
2018-01-10,24.600000,24.799999,24.350000,24.400000,23.634256,47145852
2018-01-11,24.450001,24.700001,24.400000,24.500000,23.731119,28925231
2018-01-12,24.700001,25.150000,24.600000,24.900000,24.118565,52741117
2018-01-15,25.250000,25.700001,24.799999,25.000000,24.215425,87189046
2018-01-16,25.000000,25.650000,25.000000,25.500000,24.699736,69894474
2018-01-17,25.450001,26.500000,25.100000,26.200001,25.377768,120369793
2018-01-18,26.400000,26.850000,25.900000,26.200001,25.377768,111133873
2018-01-19,26.250000,26.350000,25.700001,25.750000,24.941889,76181307
2018-01-22,25.850000,26.049999,25.549999,25.900000,25.087183,61283038
2018-01-23,26.200001,26.500000,25.950001,26.450001,25.619923,100301417
2018-01-24,26.600000,27.200001,26.549999,26.950001,26.104231,142801223
2018-01-25,26.950001,27.000000,26.250000,26.299999,25.474628,89706023
2018-01-26,26.549999,26.900000,26.500000,26.549999,25.716782,73528840
2018-01-29,26.799999,26.850000,25.950001,26.000000,25.184042,87733442
2018-01-30,25.900000,26.200001,25.450001,25.650000,24.845026,75707967
2018-01-31,25.549999,26.500000,25.500000,26.450001,25.619923,133561151
2018-02-01,26.500000,26.750000,26.250000,26.350000,25.523062,95303839
2018-02-02,26.400000,26.900000,26.049999,26.549999,25.716782,91042632
2018-02-05,25.650000,26.500000,25.650000,26.250000,25.426199,77915274
2018-02-06,25.250000,25.549999,24.500000,24.700001,23.924843,133176651
2018-02-07,25.400000,25.450001,24.200001,24.350000,23.585825,113133648
2018-02-08,24.299999,24.500000,23.799999,24.150000,23.392103,88168316
2018-02-09,23.799999,23.799999,22.650000,23.150000,22.423485,131910008
2018-02-12,23.450001,23.450001,22.900000,22.900000,22.181330,64035633
2018-02-13,23.150000,23.250000,22.600000,22.750000,22.036037,106496271
2018-02-14,22.750000,23.100000,22.500000,22.900000,22.181330,54130900
2018-02-15,23.200001,23.350000,23.000000,23.150000,22.423485,36139325
2018-02-20,23.150000,23.350000,22.700001,23.100000,22.375053,42257450
2018-02-21,23.250000,23.700001,23.150000,23.549999,22.810930,49579065
2018-02-22,23.350000,23.799999,23.200001,23.500000,22.762501,51100781
2018-02-23,23.799999,24.150000,23.600000,23.750000,23.004656,34634966
2018-02-26,23.900000,24.049999,23.650000,23.799999,23.053087,31043946
2018-02-27,23.850000,24.100000,23.400000,23.600000,22.859364,43449668
2018-02-28,23.350000,23.450001,23.049999,23.250000,22.520348,35606915
2018-03-01,23.000000,23.400000,22.850000,23.299999,22.568777,30571531
2018-03-02,22.900000,22.950001,22.750000,22.950001,22.229763,63887399
2018-03-05,22.850000,23.200001,22.500000,22.650000,21.939177,55357051
2018-03-06,23.200001,23.450001,22.950001,23.150000,22.423485,54806093
2018-03-07,22.950001,23.200001,22.549999,22.750000,22.036037,55872134
2018-03-08,23.049999,23.200001,22.850000,22.950001,22.229763,39534629
2018-03-09,23.200001,23.400000,23.000000,23.200001,22.471916,33978425
2018-03-12,23.600000,23.600000,23.250000,23.400000,22.665640,31544348
2018-03-13,23.350000,23.650000,23.299999,23.500000,22.762501,25896751
2018-03-14,23.100000,23.299999,23.049999,23.250000,22.520348,33728265
2018-03-15,22.900000,23.500000,22.900000,23.350000,22.617208,30990462
2018-03-16,23.100000,23.400000,23.000000,23.049999,22.326624,41799663
2018-03-19,23.049999,23.299999,22.850000,23.100000,22.375053,22956065
2018-03-20,22.950001,23.100000,22.799999,23.000000,22.278193,23676839
2018-03-21,23.250000,23.400000,22.549999,22.650000,21.939177,66060535
2018-03-22,22.700001,22.950001,22.400000,22.500000,21.793884,42533758
2018-03-23,22.000000,22.200001,21.600000,22.150000,21.454868,83780763
2018-03-26,22.150000,22.200001,21.600000,22.049999,21.358006,56218854
2018-03-27,22.250000,22.299999,21.900000,22.200001,21.503300,32785168
2018-03-28,21.900000,22.049999,21.700001,21.799999,21.115850,49085253
2018-03-29,21.650000,21.850000,21.400000,21.600000,20.922131,43185042
2018-04-03,21.299999,21.750000,21.100000,21.650000,20.970558,51820281
2018-04-04,21.500000,21.799999,21.250000,21.250000,20.583113,31462752
2018-04-06,21.799999,21.799999,21.299999,21.450001,20.776836,32445241
2018-04-09,21.799999,22.100000,21.500000,21.700001,21.018990,32476443
2018-04-10,21.900000,22.150000,21.650000,22.000000,21.309576,45153894
2018-04-11,22.049999,22.200001,21.850000,22.049999,21.358006,26052447
2018-04-12,22.150000,22.150000,21.700001,21.950001,21.261147,30197496
2018-04-13,22.250000,22.250000,21.799999,21.850000,21.164284,15335291
2018-04-16,22.000000,22.000000,21.400000,21.700001,21.018990,31114148
2018-04-17,21.650000,21.750000,21.299999,21.600000,20.922131,42351770
2018-04-18,21.850000,21.900000,21.450001,21.600000,20.922131,25108454
2018-04-19,21.799999,22.100000,21.650000,21.900000,21.212713,38556053
2018-04-20,21.900000,22.150000,21.549999,21.750000,21.067421,30072618
2018-04-23,21.950001,22.200001,21.600000,21.700001,21.018990,32439839
2018-04-24,21.700001,22.000000,21.700001,21.900000,21.212713,26403558
2018-04-25,21.900000,22.000000,21.650000,21.799999,21.115850,26032376
2018-04-26,21.850000,22.000000,21.400000,21.600000,20.922131,31181096
2018-04-27,21.850000,22.150000,21.600000,21.900000,21.212713,56656282
2018-04-30,22.200001,22.750000,22.100000,22.500000,21.793884,75505571
2018-05-02,22.299999,22.400000,22.100000,22.299999,21.600161,28817853
2018-05-03,22.150000,22.150000,21.799999,22.000000,21.309576,44811838
2018-05-04,22.299999,22.299999,21.750000,21.850000,21.164284,42060849
2018-05-07,21.850000,22.150000,21.600000,22.000000,21.309576,30050603
2018-05-08,22.150000,22.750000,22.100000,22.450001,21.745453,58246357
2018-05-09,22.750000,22.750000,22.299999,22.549999,21.842314,23956961
2018-05-10,22.650000,22.700001,22.400000,22.549999,21.842314,24798270
2018-05-11,22.650000,22.650000,22.400000,22.549999,21.842314,29489235
2018-05-14,22.700001,22.900000,22.650000,22.700001,21.987610,23626784
2018-05-15,22.700001,22.750000,22.500000,22.549999,21.842314,21337317
2018-05-16,22.350000,22.650000,22.299999,22.600000,21.890747,23807404
2018-05-17,22.750000,22.750000,22.200001,22.400000,21.697021,22783970
2018-05-18,22.350000,22.549999,22.299999,22.400000,21.697021,20215487
2018-05-21,22.549999,22.700001,22.350000,22.350000,21.648592,29704559
2018-05-23,22.049999,22.200001,21.900000,22.000000,21.309576,35544272
2018-05-24,22.049999,22.150000,21.900000,22.049999,21.358006,17274052
2018-05-25,22.049999,22.049999,21.900000,22.000000,21.309576,13163706
2018-05-28,22.049999,22.350000,21.950001,22.100000,21.406437,22452854
2018-05-29,22.049999,22.049999,21.750000,22.000000,21.309576,31114154
2018-05-30,21.600000,21.799999,21.450001,21.650000,20.970558,38145786
2018-05-31,21.799999,22.100000,21.549999,21.900000,21.212713,55709254
2018-06-01,22.049999,22.299999,21.900000,22.049999,21.358006,78030138
2018-06-04,22.200001,22.799999,22.150000,22.600000,21.890747,64204985
2018-06-05,22.600000,23.100000,22.600000,22.799999,22.084467,61630541
2018-06-06,22.850000,23.000000,22.799999,22.799999,22.084467,33626965
2018-06-07,23.000000,23.200001,22.900000,23.049999,22.326624,35240806
2018-06-08,23.000000,23.049999,22.700001,22.799999,22.084467,37911481
2018-06-11,22.700001,23.000000,22.700001,22.850000,22.132900,24962571
2018-06-12,22.850000,23.049999,22.700001,22.900000,22.181330,27945859
2018-06-13,22.500000,22.500000,22.150000,22.350000,22.121391,29221468
2018-06-14,22.350000,22.650000,22.100000,22.250000,22.022413,23689564
2018-06-15,22.000000,22.150000,21.850000,21.950001,21.725483,38528191
2018-06-19,21.700001,21.700001,20.950001,21.350000,21.131618,69664737
2018-06-20,21.299999,21.650000,21.100000,21.400000,21.181107,41206217
2018-06-21,21.500000,21.500000,20.799999,21.000000,20.785198,51302287
2018-06-22,20.799999,20.950001,20.600000,20.850000,20.636734,41536250
2018-06-25,20.950001,20.950001,20.350000,20.549999,20.339800,36264783
2018-06-26,20.650000,20.650000,20.200001,20.400000,20.191336,44515168
2018-06-27,20.500000,20.500000,20.000000,20.100000,19.894405,40781715
2018-06-28,20.000000,20.200001,19.680000,19.980000,19.775631,68528303
2018-06-29,20.049999,20.299999,19.980000,20.250000,20.042870,26298221
2018-07-03,19.860001,19.900000,19.480000,19.860001,19.656860,54894730
2018-07-04,19.780001,20.100000,19.379999,19.540001,19.340134,41229472
2018-07-05,19.299999,19.600000,18.959999,19.240000,19.043201,70834648
2018-07-06,19.219999,19.440001,18.879999,19.160000,18.964020,57108626
2018-07-09,19.559999,20.100000,19.400000,19.660000,19.458904,48622590
2018-07-10,20.299999,20.299999,19.879999,19.879999,19.676655,36253071
2018-07-11,19.000000,19.600000,19.000000,19.600000,19.399519,30309115
2018-07-12,19.440001,19.980000,19.420000,19.780001,19.577679,33211289
2018-07-13,19.820000,20.049999,19.820000,19.860001,19.656860,29878875
2018-07-16,19.920000,20.000000,19.700001,19.840000,19.637064,27166968
2018-07-17,19.860001,19.860001,19.480000,19.600000,19.399519,39861847
2018-07-18,19.700001,19.900000,19.480000,19.540001,19.340134,26478942
2018-07-19,19.600000,20.250000,19.600000,19.740000,19.538086,61845821
2018-07-20,20.000000,20.250000,19.580000,19.980000,19.775631,36254259
2018-07-23,20.100000,20.150000,19.540001,19.820000,19.617268,34487019
2018-07-24,19.900000,20.299999,19.799999,20.100000,19.894405,37875390
2018-07-25,20.049999,20.299999,19.980000,20.200001,19.993382,42167341
2018-07-26,20.250000,20.299999,19.879999,20.049999,19.844915,32258789
2018-07-27,20.000000,20.100000,19.840000,20.049999,19.844915,15719076
2018-07-30,19.980000,20.049999,19.700001,19.900000,19.696449,35221364
2018-07-31,19.799999,19.879999,19.540001,19.580000,19.379723,46403168
2018-08-01,19.780001,19.840000,19.379999,19.520000,19.320337,30691944
2018-08-02,19.360001,19.459999,18.879999,19.000000,18.805656,53869159
2018-08-03,18.940001,19.100000,18.820000,18.940001,18.746271,34491549
2018-08-06,19.100000,19.160000,18.740000,18.860001,18.667089,33266786
2018-08-07,18.740000,19.120001,18.740000,19.080000,18.884838,23805250
2018-08-08,19.080000,19.200001,18.959999,19.120001,18.924429,30173043
2018-08-09,19.000000,19.360001,18.900000,19.320000,19.122383,27842093
2018-08-10,19.200001,19.420000,19.120001,19.160000,18.964020,14578313
2018-08-13,18.600000,19.080000,18.600000,18.959999,18.766064,34912069
2018-08-14,18.860001,19.059999,18.780001,18.879999,18.686882,19784551
2018-08-15,19.059999,19.059999,18.320000,18.459999,18.271179,60102739
2018-08-16,18.100000,18.719999,18.080000,18.500000,18.310770,26548220
2018-08-17,18.600000,18.680000,18.299999,18.440001,18.251385,27384450
2018-08-20,18.459999,18.639999,18.340000,18.559999,18.370155,26784930
2018-08-21,18.500000,18.780001,18.500000,18.639999,18.449337,30858933
2018-08-22,18.700001,18.860001,18.400000,18.820000,18.627497,38984928
2018-08-23,18.740000,19.080000,18.580000,18.700001,18.508726,25449760
2018-08-24,18.299999,18.440001,18.299999,18.400000,18.211792,45981283
2018-08-27,18.559999,18.760000,18.360001,18.639999,18.449337,39711390
2018-08-28,18.639999,18.860001,18.639999,18.680000,18.488930,39685144
2018-08-29,18.660000,18.719999,18.459999,18.540001,18.350363,31294109
2018-08-30,18.600000,18.600000,18.100000,18.160000,17.974247,51904429
2018-08-31,17.799999,17.980000,17.680000,17.740000,17.558544,66282256
2018-09-03,17.660000,17.799999,17.639999,17.760000,17.578341,25434165
2018-09-04,17.760000,17.920000,17.600000,17.860001,17.677317,21025237
2018-09-05,17.580000,17.780001,17.280001,17.379999,17.202225,47963008
2018-09-06,17.080000,17.260000,16.940001,17.040001,16.865705,57130818
2018-09-07,17.000000,17.180000,16.740000,16.900000,16.727137,62800812
2018-09-10,16.780001,16.879999,16.620001,16.780001,16.608364,57216450
2018-09-11,16.799999,16.920000,16.600000,16.680000,16.509386,43592785
2018-09-12,16.500000,16.700001,16.420000,16.620001,16.450001,37401684
2018-09-13,16.980000,17.000000,16.660000,16.900000,16.727137,45902422
2018-09-14,17.040001,17.040001,16.760000,16.940001,16.766727,23242868
2018-09-17,16.760000,16.940001,16.719999,16.900000,16.727137,34997041
2018-09-18,16.959999,17.180000,16.719999,17.059999,16.885498,31930001
2018-09-19,17.200001,17.400000,17.100000,17.280001,17.103251,37293074
2018-09-20,17.440001,17.559999,17.360001,17.480000,17.301203,28582481
2018-09-21,17.660000,18.059999,17.620001,17.940001,17.756498,56897047
2018-09-24,17.740000,17.879999,17.379999,17.559999,17.380384,30127160
2018-09-26,17.680000,17.980000,17.520000,17.700001,17.518953,32416631
2018-09-27,17.799999,17.879999,17.620001,17.700001,17.518953,24010960
2018-09-28,17.799999,17.940001,17.520000,17.780001,17.598135,23670995
2018-10-02,17.740000,17.780001,17.260000,17.379999,17.202225,33719204
2018-10-03,17.219999,17.580000,17.219999,17.480000,17.301203,19329638
2018-10-04,17.200001,17.280001,17.020000,17.160000,16.984476,21803044
2018-10-05,17.059999,17.260000,17.000000,17.080000,16.905294,21897668
2018-10-08,17.280001,17.379999,16.900000,16.980000,16.806318,28336962
2018-10-09,17.100000,17.219999,16.940001,17.040001,16.865705,25072856
2018-10-10,17.100000,17.299999,17.059999,17.139999,16.964680,20877780
2018-10-11,16.860001,16.860001,16.520000,16.660000,16.489592,67701867
2018-10-12,16.940001,17.180000,16.780001,17.120001,16.944887,33664350
2018-10-15,17.000000,17.160000,16.780001,16.860001,16.687546,17374970
2018-10-16,17.120001,17.240000,16.940001,17.020000,16.845909,22191255
2018-10-18,17.200001,17.200001,16.799999,16.980000,16.806318,22345021
2018-10-19,17.000000,17.420000,16.740000,17.240000,17.063658,32376608
2018-10-22,17.299999,18.000000,17.299999,17.820000,17.637726,55670794
2018-10-23,17.799999,17.940001,17.160000,17.360001,17.182432,37854436
2018-10-24,17.459999,17.540001,17.100000,17.200001,17.024069,29171580
2018-10-25,16.860001,17.120001,16.719999,17.100000,16.925091,35607737
2018-10-26,16.799999,16.900000,15.780000,15.960000,15.796751,114118910
2018-10-29,16.280001,16.280001,15.460000,15.800000,15.638388,54823822
2018-10-30,15.720000,15.780000,15.440000,15.500000,15.341456,60427622
2018-10-31,15.680000,15.780000,15.460000,15.620000,15.460229,52887347
2018-11-01,15.500000,15.860000,15.500000,15.720000,15.559206,50133701
2018-11-02,16.420000,16.820000,16.080000,16.740000,16.568773,84682997
2018-11-05,16.299999,16.520000,16.160000,16.379999,16.212454,29927688
2018-11-06,16.340000,16.520000,16.280001,16.440001,16.271841,22593221
2018-11-07,16.520000,16.620001,16.240000,16.420000,16.252047,26428476
2018-11-08,16.620001,16.700001,16.440001,16.540001,16.370819,34981437
2018-11-09,16.280001,16.459999,16.180000,16.280001,16.113478,27725527
2018-11-12,16.219999,16.440001,16.120001,16.320000,16.153069,16179411
2018-11-13,16.000000,16.520000,15.940000,16.459999,16.291636,22286358
2018-11-14,16.400000,16.500000,16.240000,16.340000,16.172865,19967586
2018-11-15,16.400000,16.860001,16.280001,16.760000,16.588568,24755286
2018-11-16,16.820000,17.000000,16.580000,17.000000,16.826113,27575092
2018-11-19,17.000000,17.160000,16.740000,16.879999,16.707340,26324828
2018-11-20,16.680000,16.719999,16.420000,16.500000,16.331228,25746406
2018-11-21,16.240000,16.559999,16.219999,16.500000,16.331228,23583916
2018-11-22,16.520000,16.520000,16.260000,16.400000,16.232250,17170351
2018-11-23,16.400000,16.400000,16.200001,16.340000,16.172865,12740569
2018-11-26,16.400000,16.760000,16.299999,16.660000,16.489592,31824239
2018-11-27,16.480000,16.639999,16.360001,16.580000,16.410410,32469109
2018-11-28,16.400000,16.740000,16.400000,16.680000,16.509386,32766602
2018-11-29,16.760000,16.920000,16.639999,16.780001,16.608364,32321612
2018-11-30,16.740000,16.959999,16.680000,16.799999,16.628159,32211625
2018-12-03,17.200001,17.680000,17.180000,17.620001,17.439772,83152154
2018-12-04,17.680000,17.680000,17.340000,17.520000,17.340796,44912522
2018-12-05,17.040001,17.480000,17.040001,17.320000,17.142839,29880065
2018-12-06,17.059999,17.160000,16.680000,16.780001,16.608364,40976858
2018-12-07,16.760000,16.860001,16.440001,16.440001,16.271841,53701145
2018-12-10,16.280001,16.340000,16.000000,16.180000,16.014502,34412071
2018-12-11,16.100000,16.200001,16.020000,16.080000,15.915524,23321411
2018-12-12,16.200001,16.600000,16.200001,16.440001,16.271841,31247441
2018-12-13,16.660000,16.799999,16.400000,16.760000,16.588568,24919487
2018-12-14,16.700001,16.700001,16.420000,16.559999,16.390614,32867084
2018-12-17,16.520000,16.680000,16.400000,16.500000,16.331228,28296815
2018-12-18,16.500000,16.700001,16.379999,16.480000,16.311432,22265844
2018-12-19,16.440001,16.719999,16.420000,16.600000,16.430204,20871455
2018-12-20,16.540001,16.600000,16.139999,16.340000,16.172865,20237163
2018-12-21,16.360001,16.760000,16.040001,16.620001,16.450001,54396401
2018-12-24,16.500000,16.500000,16.260000,16.400000,16.232250,14046166
2018-12-27,16.600000,16.660000,16.280001,16.299999,16.133272,20536748
2018-12-28,16.299999,16.540001,16.200001,16.340000,16.172865,23756637
2018-12-31,16.500000,16.760000,16.440001,16.639999,16.469795,11796115
2019-01-02,16.340000,16.580000,16.100000,16.200001,16.034296,27723791
2019-01-03,16.200001,16.299999,15.900000,16.020000,15.856137,29430279
2019-01-04,15.960000,16.520000,15.900000,16.400000,16.232250,30339453
2019-01-07,16.600000,16.760000,16.520000,16.660000,16.489592,34762457
2019-01-08,16.559999,16.700001,16.480000,16.580000,16.410410,21287868
2019-01-09,16.879999,17.400000,16.860001,17.180000,17.004272,59802202
2019-01-10,17.020000,17.459999,17.020000,17.379999,17.202225,41967688
2019-01-11,17.600000,17.600000,17.160000,17.420000,17.241817,37585337
2019-01-14,17.299999,17.400000,16.780001,16.879999,16.707340,33149269
2019-01-15,17.320000,17.600000,16.959999,17.600000,17.419977,83444874
2019-01-16,17.580000,18.480000,17.440001,18.440001,18.251385,104430538
2019-01-17,18.559999,18.760000,18.240000,18.420000,18.231588,81469494
2019-01-18,18.780001,19.160000,18.500000,19.100000,18.904633,74054881
2019-01-21,19.200001,19.260000,18.900000,19.080000,18.884838,52818130
2019-01-22,19.000000,19.180000,18.600000,18.799999,18.607700,33894857
2019-01-23,18.520000,19.040001,18.520000,19.040001,18.845247,41452005
2019-01-24,19.180000,19.200001,18.840000,18.900000,18.706678,29782525
2019-01-25,18.980000,19.719999,18.900000,19.680000,19.478701,77209752
2019-01-28,20.000000,20.000000,19.379999,19.580000,19.379723,53251565
2019-01-29,19.280001,19.420000,19.000000,19.260000,19.062996,52190792
2019-01-30,18.400000,18.940001,18.400000,18.900000,18.706678,112258554
2019-01-31,18.980000,19.480000,18.820000,19.340000,19.142178,79778191
2019-02-01,19.580000,19.580000,19.180000,19.459999,19.260950,29576315
2019-02-04,19.320000,19.459999,19.139999,19.340000,19.142178,11188524
2019-02-08,19.139999,19.260000,18.740000,19.200001,19.003611,27555088
2019-02-11,19.100000,19.240000,18.900000,19.139999,18.944223,28301990
2019-02-12,19.100000,19.240000,19.000000,19.160000,18.964020,27764793
2019-02-13,19.100000,19.980000,19.059999,19.799999,19.597473,69799987
2019-02-14,19.500000,19.680000,19.240000,19.360001,19.161974,55502631
2019-02-15,19.240000,19.280001,18.600000,18.860001,18.667089,53578614
2019-02-18,19.000000,19.219999,18.920000,19.180000,18.983814,43986681
2019-02-19,19.240000,20.049999,19.240000,19.760000,19.557882,103902076
2019-02-20,20.000000,20.799999,19.940001,20.600000,20.389290,127717371
2019-02-21,20.600000,21.000000,20.400000,20.600000,20.389290,75524538
2019-02-22,20.500000,21.250000,20.150000,21.200001,20.983154,82337624
2019-02-25,22.000000,22.750000,21.799999,22.650000,22.418322,223029664
2019-02-26,22.799999,22.799999,22.049999,22.299999,22.071901,103760871
2019-02-27,22.250000,22.650000,21.549999,21.750000,21.527527,95105135
2019-02-28,21.549999,22.100000,21.400000,21.600000,21.379063,53287068
2019-03-01,21.700001,22.900000,21.549999,22.799999,22.566786,114548557
2019-03-04,23.000000,23.350000,22.299999,22.450001,22.220367,127990046
2019-03-05,22.549999,22.650000,21.950001,22.400000,22.170877,54696244
2019-03-06,22.200001,22.500000,21.900000,22.350000,22.121391,65563331
2019-03-07,21.950001,22.049999,21.250000,21.400000,21.181107,84890779
2019-03-08,20.600000,21.049999,20.400000,20.549999,20.339800,123104637
2019-03-11,20.600000,21.000000,20.500000,20.900000,20.686222,43066184
2019-03-12,21.100000,21.700001,21.100000,21.299999,21.082129,44689795
2019-03-13,21.200001,21.600000,21.000000,21.350000,21.131618,25284717
2019-03-14,21.500000,21.500000,20.750000,21.150000,20.933664,34836334
2019-03-15,21.100000,21.950001,21.000000,21.200001,20.983154,47911042
2019-03-18,21.250000,21.799999,21.150000,21.700001,21.478039,38117535
2019-03-19,21.700001,21.950001,21.500000,21.750000,21.527527,24444533
2019-03-20,21.650000,21.650000,21.299999,21.450001,21.230597,27179411
2019-03-21,21.500000,21.850000,21.299999,21.500000,21.280085,39427440
2019-03-22,21.500000,21.600000,20.850000,21.250000,21.032642,32813133
2019-03-25,20.549999,20.900000,20.250000,20.450001,20.240826,60884150
2019-03-26,20.500000,20.700001,20.049999,20.250000,20.042870,38915440
2019-03-27,20.200001,20.600000,20.100000,20.450001,20.240826,35153649
2019-03-28,20.150000,20.600000,19.980000,20.350000,20.141848,65934180
2019-03-29,20.600000,21.250000,20.350000,21.100000,20.884176,64588324
2019-04-01,21.450001,21.799999,21.250000,21.400000,21.181107,54258486
2019-04-02,21.299999,21.600000,21.299999,21.450001,21.230597,35454360
2019-04-03,21.400000,21.900000,21.250000,21.799999,21.577015,46491164
2019-04-04,21.799999,22.250000,21.700001,21.900000,21.675993,51344697
2019-04-08,22.200001,22.200001,21.700001,21.900000,21.675993,51355602
2019-04-09,22.100000,22.100000,21.700001,21.700001,21.478039,47502316
2019-04-10,21.549999,21.750000,21.299999,21.600000,21.379063,37954827
2019-04-11,21.350000,21.600000,20.900000,21.000000,20.785198,74864070
2019-04-12,20.900000,21.049999,20.799999,21.049999,20.834686,43224427
2019-04-15,21.450001,21.750000,21.000000,21.200001,20.983154,70695384
2019-04-16,21.000000,21.900000,21.000000,21.850000,21.626505,53916844
2019-04-17,21.850000,22.200001,21.700001,21.950001,21.725483,40612059
2019-04-18,21.799999,22.000000,21.600000,21.900000,21.675993,26267019
2019-04-23,22.000000,22.799999,21.850000,22.250000,22.022413,100829301
2019-04-24,22.299999,22.500000,21.750000,22.049999,21.824457,38423950
2019-04-25,21.850000,22.200001,21.600000,21.700001,21.478039,30986957
2019-04-26,21.950001,22.299999,21.750000,21.900000,21.675993,46383938
2019-04-29,22.100000,22.500000,21.850000,22.200001,21.972925,49742123
2019-04-30,22.100000,22.350000,21.799999,22.200001,21.972925,35175754
2019-05-02,22.200001,22.450001,22.150000,22.299999,22.071901,32614409
2019-05-03,22.000000,22.400000,21.799999,22.299999,22.071901,30399171
2019-05-06,21.200001,21.400000,20.549999,20.950001,20.735710,99548574
2019-05-07,21.150000,21.150000,20.450001,20.750000,20.537756,57383008
2019-05-08,20.299999,20.549999,19.959999,20.100000,19.894405,72521703
2019-05-09,19.799999,19.940001,19.200001,19.320000,19.122383,80404777
2019-05-10,19.680000,20.100000,19.280001,19.559999,19.359928,63472776
2019-05-14,18.600000,19.280001,18.600000,19.139999,18.944223,70990032
2019-05-15,18.959999,19.360001,18.959999,19.139999,18.944223,35978864
2019-05-16,19.000000,19.219999,18.840000,19.100000,18.904633,30890924
2019-05-17,19.280001,19.320000,18.540001,18.700001,18.508726,47031141
2019-05-20,18.700001,18.840000,18.120001,18.299999,18.112816,52786146
2019-05-21,18.260000,18.639999,18.180000,18.320000,18.132610,41799514
2019-05-22,18.520000,18.660000,18.340000,18.420000,18.231588,22166633
2019-05-23,18.360001,18.660000,18.020000,18.180000,17.994043,41830454
2019-05-24,18.100000,18.500000,18.100000,18.180000,17.994043,29146754
2019-05-27,18.180000,18.240000,17.840000,18.120001,17.934658,24917211
2019-05-28,18.020000,18.320000,18.020000,18.180000,17.994043,42792547
2019-05-29,18.059999,18.760000,17.920000,18.280001,18.093021,46351967
2019-05-30,18.500000,18.559999,18.160000,18.260000,18.073225,29912002
2019-05-31,18.260000,18.480000,18.120001,18.200001,18.013840,28690878
2019-06-03,18.160000,18.420000,18.040001,18.180000,17.994043,24347915
2019-06-04,18.299999,18.320000,17.620001,17.780001,17.598135,48413529
2019-06-05,18.020000,18.240000,17.700001,17.799999,17.617929,29800991
2019-06-06,17.500000,17.780001,17.500000,17.639999,17.639999,23612183
2019-06-10,18.020000,18.459999,17.980000,18.240000,18.240000,58790822
2019-06-11,18.360001,18.680000,18.240000,18.500000,18.500000,45241722
2019-06-12,18.320000,18.520000,18.200001,18.340000,18.340000,29214596
2019-06-13,18.059999,18.180000,17.740000,18.120001,18.120001,46303628
2019-06-14,17.920000,18.180000,17.820000,18.000000,18.000000,22602808
2019-06-17,18.059999,18.299999,17.879999,18.059999,18.059999,15978022
2019-06-18,18.240000,18.400000,18.080000,18.200001,18.200001,18540703
2019-06-19,18.740000,18.940001,18.680000,18.760000,18.760000,47218747
2019-06-20,18.840000,19.540001,18.780001,19.379999,19.379999,57555060
2019-06-21,19.440001,19.559999,19.219999,19.320000,19.320000,46975370
2019-06-24,19.299999,19.559999,19.240000,19.360001,19.360001,25020775
2019-06-25,19.340000,19.340000,18.799999,19.080000,19.080000,37108707
2019-06-26,18.799999,19.160000,18.799999,18.920000,18.920000,24603129
2019-06-27,19.080000,19.440001,19.020000,19.299999,19.299999,32183345
2019-06-28,19.299999,19.379999,19.120001,19.240000,19.240000,21697490
2019-07-02,19.860001,20.299999,19.799999,20.000000,20.000000,67425430
2019-07-03,19.920000,20.049999,19.760000,19.920000,19.920000,23689958
2019-07-04,19.920000,20.100000,19.840000,19.900000,19.900000,19832761
2019-07-05,19.900000,19.980000,19.639999,19.920000,19.920000,16421464
2019-07-08,19.660000,19.760000,19.340000,19.620001,19.620001,19525880
2019-07-09,19.459999,19.660000,19.299999,19.580000,19.580000,26099016
2019-07-10,19.700001,19.820000,19.420000,19.500000,19.500000,18148350
2019-07-11,19.680000,19.959999,19.660000,19.840000,19.840000,24376251
2019-07-12,19.660000,20.400000,19.660000,20.200001,20.200001,45901810
2019-07-15,20.100000,20.500000,19.780001,20.400000,20.400000,43161133
2019-07-16,20.500000,20.549999,20.200001,20.500000,20.500000,43992222
2019-07-17,20.299999,20.700001,20.250000,20.450001,20.450001,22942085
2019-07-18,20.200001,20.549999,20.150000,20.500000,20.500000,21231441
2019-07-19,20.549999,21.000000,20.549999,20.750000,20.750000,30026294
2019-07-22,20.500000,20.600000,20.250000,20.350000,20.350000,20989385
2019-07-23,20.350000,20.549999,20.250000,20.400000,20.400000,21124408
2019-07-24,20.400000,20.750000,20.350000,20.400000,20.400000,20611050
2019-07-25,20.600000,20.750000,20.400000,20.700001,20.700001,26229065
2019-07-26,20.400000,20.650000,20.299999,20.500000,20.500000,18804802
2019-07-29,20.299999,20.400000,19.920000,20.150000,20.150000,24717311
2019-07-30,20.400000,20.750000,20.299999,20.450001,20.450001,50040429
2019-07-31,20.299999,20.350000,19.980000,20.150000,20.150000,22731029
2019-08-01,20.000000,20.250000,20.000000,20.250000,20.250000,22912377
2019-08-02,19.500000,19.639999,19.400000,19.500000,19.500000,41870034
2019-08-05,19.059999,19.120001,18.639999,18.879999,18.879999,35638015
2019-08-06,18.020000,18.540001,18.000000,18.440001,18.440001,61421308
2019-08-07,18.400000,18.459999,17.860001,18.160000,18.160000,47590598
2019-08-08,18.100000,18.559999,18.100000,18.260000,18.260000,25435808
2019-08-09,18.200001,18.520000,17.920000,18.040001,18.040001,29995232
2019-08-12,17.879999,18.240000,17.879999,17.980000,17.980000,21770283
2019-08-13,17.879999,17.959999,17.580000,17.719999,17.719999,33757478
2019-08-14,18.020000,18.120001,17.520000,17.620001,17.620001,26690616
2019-08-15,17.400000,17.820000,17.379999,17.700001,17.700001,25874283
2019-08-16,17.680000,17.940001,17.500000,17.860001,17.860001,32085364
2019-08-19,18.100000,18.559999,18.040001,18.379999,18.379999,43046496
2019-08-20,18.299999,18.480000,18.180000,18.280001,18.280001,21195472
2019-08-21,18.180000,18.379999,17.959999,18.299999,18.299999,23977135
2019-08-22,18.280001,18.400000,17.980000,18.139999,18.139999,25797589
2019-08-23,18.340000,18.980000,18.320000,18.719999,18.719999,70940598
2019-08-26,17.900000,18.299999,17.900000,18.280001,18.280001,45940509
2019-08-27,18.360001,18.480000,18.180000,18.280001,18.280001,41384765
2019-08-28,18.400000,18.540001,18.280001,18.400000,18.400000,25415989
2019-08-29,18.400000,18.420000,18.040001,18.299999,18.299999,38437347
2019-08-30,18.500000,18.500000,18.160000,18.340000,18.340000,28822984
